Date,Product Code,Number of Edges(Plant),Number of Edges(Storage),Number of Nodes,Production,Delivery to Distributer,Factory Issue,Sales Order
01/01/2023 0:00,SOS008L02P,52,92,78,1008,455.0,220.0,1355.0
01/01/2023 0:00,SOS005L04P,153,226,957,3008,2241.0,2598.0,12594.0
01/01/2023 0:00,SOS002L09P,126,195,896,2034,1698.0,2080.0,14556.0
01/01/2023 0:00,SOS001L12P,142,213,861,4016,3816.0,2748.0,21394.0
01/01/2023 0:00,SOS500M24P,119,184,568,1003,1555.0,1670.634,8552.0
01/01/2023 0:00,POV001L24P,92,153,222,201,634.0,390.0,1829.0
01/01/2023 0:00,POV500M24P,74,122,152,205,414.0,245.0,1349.0
01/01/2023 0:00,POP001L12P,99,160,193,506,275.0,75.0,1250.0
01/01/2023 0:00,POPF01L12P,23,36,36,200,10.0,152.0,780.0
01/01/2023 0:00,AT5X5K,43,121,168,1500,707.0,970.0,2642.0
01/01/2023 0:00,ATN02K12P,31,93,125,200,497.08,100.0,1819.0
01/01/2023 0:00,ATN01K24P,75,219,716,3500,470.0,2600.0,5184.0
01/01/2023 0:00,MAR02K12P,8,22,42,100,99.0,0.0,464.0
01/01/2023 0:00,MAR01K24P,51,148,309,100,137.0,480.0,1607.0
01/01/2023 0:00,SE500G24P,50,154,204,1000,160.0,1341.0,1507.0
02/01/2023 0:00,SOS005L04P,153,226,957,6000,8286.0,4982.0,11677.0
02/01/2023 0:00,SOS002L09P,126,195,896,6000,9240.0,4640.0,13085.0
02/01/2023 0:00,SOS001L12P,142,213,861,7000,12683.0,7560.0,17059.0
02/01/2023 0:00,SOS500M24P,119,184,568,3500,5324.0,3676.0,7207.0
02/01/2023 0:00,POV005L04P,38,66,64,154,85.0,88.0,160.0
02/01/2023 0:00,POV002L09P,61,103,153,305,345.0,318.0,380.0
02/01/2023 0:00,POV001L24P,92,153,222,804,1045.0,1250.0,1277.0
02/01/2023 0:00,POP002L09P,53,88,84,101,100.0,165.0,140.0
02/01/2023 0:00,POPF01L12P,23,36,36,114,298.0,250.0,213.0
02/01/2023 0:00,ATN02K12P,31,93,125,500,823.0,705.0,1281.0
02/01/2023 0:00,ATN01K24P,75,219,716,4000,4269.0,3140.0,4345.0
02/01/2023 0:00,MAR02K12P,8,22,42,100,236.0,100.0,310.0
02/01/2023 0:00,MAR01K24P,51,148,309,200,962.0,425.0,999.0
02/01/2023 0:00,SE500G24P,50,154,204,300,980.0,427.0,602.0
03/01/2023 0:00,SOS005L04P,153,226,957,4012,11279.75,11175.0,8551.0
03/01/2023 0:00,SOS002L09P,126,195,896,5053,10290.44505,10801.0,8573.107971
03/01/2023 0:00,SOS001L12P,142,213,861,10000,14731.16603,12661.0,12178.0
03/01/2023 0:00,POV002L09P,61,103,153,1,342.0,401.0,275.0
03/01/2023 0:00,POV001L24P,92,153,222,701,1061.0,938.0,999.0
03/01/2023 0:00,AT5X5K,43,121,168,2000,2215.6,2964.0,2355.0
03/01/2023 0:00,MAR01K24P,51,148,309,1200,1007.875,1110.0,2004.0
03/01/2023 0:00,SE500G24P,50,154,204,300,854.5,435.0,1363.0
04/01/2023 0:00,SOS005L04P,153,226,957,10497,9897.0,8286.0,10667.25
04/01/2023 0:00,SOS001L12P,142,213,861,10618,13842.66603,12087.0,10920.08297
04/01/2023 0:00,SOP001L12P,16,31,27,10,265.0,297.0,58.41702899
04/01/2023 0:00,POV500M24P,74,122,152,402,440.0,525.0,781.0
04/01/2023 0:00,ATN01K24P,75,219,716,3000,5124.333,4318.0,4698.958
04/01/2023 0:00,MASR025K,14,28,24,5,24.0,0.0,46.0
04/01/2023 0:00,SE500G24P,50,154,204,100,583.0,300.0,756.667
05/01/2023 0:00,SOS001L12P,142,213,861,15156,9933.416938,12414.0,16931.0
05/01/2023 0:00,POP001L12P,99,160,193,1033,1098.0,978.0,1631.0
05/01/2023 0:00,POP002L09P,53,88,84,102,5.0,30.0,123.0
05/01/2023 0:00,POP500M24P,83,142,114,101,51.0,275.0,210.0
05/01/2023 0:00,POPF01L12P,23,36,36,54,24.0,160.0,195.0
05/01/2023 0:00,AT5X5K,43,121,168,2000,735.8,1100.0,3504.0
05/01/2023 0:00,SE500G24P,50,154,204,1000,347.667,645.0,1398.0
07/01/2023 0:00,ATN02K12P,31,93,125,400,755.0,690.0,608.0
07/01/2023 0:00,MAR02K12P,8,22,42,7,247.0,230.0,147.0
07/01/2023 0:00,MASR025K,14,28,24,45,60.0,100.0,477.0
08/01/2023 0:00,SOS005L04P,153,226,957,10000,6683.0,9138.0,13298.0
08/01/2023 0:00,SOS001L12P,142,213,861,8386,6249.0,8480.0,17243.0
08/01/2023 0:00,POP001L12P,99,160,193,1429,323.0,250.0,1798.0
08/01/2023 0:00,AT5X5K,43,121,168,1500,1225.0,1009.0,3322.0
08/01/2023 0:00,ATN01K24P,75,219,716,3000,1508.0,1460.0,9714.0
08/01/2023 0:00,MAR01K24P,51,148,309,350,562.0,925.0,2100.0
08/01/2023 0:00,SE500G24P,50,154,204,500,284.0,910.0,1553.0
09/01/2023 0:00,SOS005L04P,153,226,957,6017,9287.25,7796.0,10586.5
09/01/2023 0:00,SOS001L12P,142,213,861,10004,11547.0,11839.0,15628.0
09/01/2023 0:00,POP001L12P,99,160,193,544,742.0,515.0,3524.0
09/01/2023 0:00,AT5X5K,43,121,168,1500,3501.94,3129.0,2254.0
09/01/2023 0:00,ATN01K24P,75,219,716,6000,7875.0,5775.0,6696.0
09/01/2023 0:00,MAR01K24P,51,148,309,800,1617.01,1360.0,1099.0
09/01/2023 0:00,SE500G24P,50,154,204,150,541.0,245.0,1163.0
10/01/2023 0:00,SOS005L04P,153,226,957,5057,8821.25,12280.0,7137.0
10/01/2023 0:00,SOS001L12P,142,213,861,11726,12117.0,11368.0,13523.0
10/01/2023 0:00,SOS500M24P,119,184,568,3552,3644.0,4366.0,3580.0
10/01/2023 0:00,AT5X5K,43,121,168,2000,1559.0,1200.0,2414.0
10/01/2023 0:00,ATN02K12P,31,93,125,1200,759.0,920.0,1791.0
10/01/2023 0:00,ATN01K24P,75,219,716,5050,5823.0,5990.0,7413.0
10/01/2023 0:00,MAR02K12P,8,22,42,300,88.0,160.0,532.0
10/01/2023 0:00,SE500G24P,50,154,204,635,770.0,537.0,1002.0
11/01/2023 0:00,ATN02K12P,31,93,125,1000,1041.0,1875.0,1771.166
11/01/2023 0:00,MAR02K12P,8,22,42,300,263.0,170.0,300.0
11/01/2023 0:00,MAR01K24P,51,148,309,550,1121.0,1855.0,749.0
11/01/2023 0:00,SE500G24P,50,154,204,518,471.0,690.0,631.0
12/01/2023 0:00,SOS001L12P,142,213,861,15012,9718.666033,11037.0,16827.08297
12/01/2023 0:00,AT5X5K,43,121,168,2000,1824.0,2026.0,2020.0
12/01/2023 0:00,ATN01K24P,75,219,716,5500,4685.0,6243.0,6371.0
12/01/2023 0:00,MAR01K24P,51,148,309,400,1186.0,940.0,785.0
12/01/2023 0:00,MASR025K,14,28,24,6,94.0,391.0,50.0
12/01/2023 0:00,SE500G24P,50,154,204,800,667.0,524.0,1094.0
14/01/2023 0:00,POPF01L12P,23,36,36,2,222.0,222.0,15.0
14/01/2023 0:00,MASR025K,14,28,24,52,84.0,160.0,1050.0
15/01/2023 0:00,SOS005L04P,153,226,957,4000,3963.75,6765.0,12566.5
15/01/2023 0:00,SOS003L04P,91,146,375,1449,726.0,403.0,1837.0
15/01/2023 0:00,SOS001L12P,142,213,861,11897,6507.0,11420.0,16144.0
15/01/2023 0:00,SOS500M24P,119,184,568,4072,2760.375,3127.0,7905.0
15/01/2023 0:00,SOS250M48P,49,88,50,2,379.0,9.0,1338.0
15/01/2023 0:00,POP001L12P,99,160,193,976,881.0,1292.0,2126.0
15/01/2023 0:00,POPF01L12P,23,36,36,500,10.0,0.0,579.0
15/01/2023 0:00,AT5X5K,43,121,168,1000,901.0,1110.0,2632.0
15/01/2023 0:00,ATN02K12P,31,93,125,500,830.0,831.0,840.0
15/01/2023 0:00,ATN01K24P,75,219,716,4000,2749.0,2165.0,7164.167
15/01/2023 0:00,MAR01K24P,51,148,309,525,512.999,210.0,1585.417
15/01/2023 0:00,MASR025K,14,28,24,145,185.0,66.0,185.0
16/01/2023 0:00,SOS002L09P,126,195,896,7010,9461.666969,11455.0,7774.332971
16/01/2023 0:00,POV001L24P,92,153,222,653,1802.0,1263.0,790.0
16/01/2023 0:00,POV500M24P,74,122,152,306,1015.0,1235.0,503.0
16/01/2023 0:00,POP500M24P,83,142,114,100,114.0,110.0,280.0
16/01/2023 0:00,AT5X5K,43,121,168,700,2454.0,2600.0,2303.0
16/01/2023 0:00,ATN02K12P,31,93,125,500,1149.25,1540.0,2034.0
16/01/2023 0:00,ATN01K24P,75,219,716,2500,5748.167,4784.0,4531.0
16/01/2023 0:00,MAR01K24P,51,148,309,120,1256.917,425.0,795.0
16/01/2023 0:00,MASR025K,14,28,24,300,15.0,86.0,315.0
17/01/2023 0:00,SOS005L04P,153,226,957,5343,7288.0,7761.0,9072.5
17/01/2023 0:00,SOS500M24P,119,184,568,2502,4664.999004,5276.0,2797.0
17/01/2023 0:00,POP005L04P,37,64,42,100,32.0,14.0,115.0
17/01/2023 0:00,AT5X5K,43,121,168,1000,1990.0,1786.0,1746.0
17/01/2023 0:00,ATN01K24P,75,219,716,2000,5458.875,3969.0,3231.042
18/01/2023 0:00,SOS500M24P,119,184,568,5,2821.0,587.0,3499.0
18/01/2023 0:00,POP001L12P,99,160,193,721,665.0,700.0,1405.0
18/01/2023 0:00,ATN01K24P,75,219,716,4000,3887.042,3905.0,4901.0
18/01/2023 0:00,MASR025K,14,28,24,43,111.0,270.0,125.0
18/01/2023 0:00,SE200G24P,17,37,29,6,45.0,7.0,40.0
19/01/2023 0:00,SOS002L09P,126,195,896,8877,4531.221981,6027.0,9836.221981
19/01/2023 0:00,SOS001L12P,142,213,861,13002,8171.0,9509.0,15254.0
19/01/2023 0:00,SOS500M24P,119,184,568,3840,3468.0,1056.0,6121.0
19/01/2023 0:00,SOS250M48P,49,88,50,5,602.0,241.0,527.0
19/01/2023 0:00,POV500M24P,74,122,152,3,466.0,361.0,1078.0
19/01/2023 0:00,POPF01L12P,23,36,36,280,250.0,250.0,315.0
19/01/2023 0:00,ATN01K24P,75,219,716,5000,3563.0,4640.0,5147.0
19/01/2023 0:00,MAR01K24P,51,148,309,800,738.0,425.0,837.0
19/01/2023 0:00,SE500G24P,50,154,204,1200,1446.998,1230.0,1218.0
21/01/2023 0:00,AT5X5K,43,121,168,500,1231.0,1239.0,507.0
22/01/2023 0:00,SOS005L04P,153,226,957,3090,3308.0,5621.0,8596.5
22/01/2023 0:00,SOS002L09P,126,195,896,3000,4075.326993,5246.66,9510.667029
22/01/2023 0:00,SOS001L12P,142,213,861,9000,5544.0,9452.0,15982.0
22/01/2023 0:00,SOS500M24P,119,184,568,5501,2106.659964,5201.66,7057.0
22/01/2023 0:00,POV002L09P,61,103,153,2,51.0,10.0,648.0
22/01/2023 0:00,POV001L24P,92,153,222,1000,210.0,640.0,2604.0
22/01/2023 0:00,POV500M24P,74,122,152,500,218.0,1095.0,1269.0
22/01/2023 0:00,POP001L12P,99,160,193,1004,270.0,1150.0,1182.0
22/01/2023 0:00,POPF01L12P,23,36,36,112,468.0,528.0,115.0
22/01/2023 0:00,AT5X5K,43,121,168,500,770.0,705.0,1161.0
22/01/2023 0:00,ATN02K12P,31,93,125,500,460.0,822.0,1007.25
22/01/2023 0:00,ATN01K24P,75,219,716,2500,1555.0,1790.0,6093.167
22/01/2023 0:00,MAR01K24P,51,148,309,496,498.0,390.0,1343.167
23/01/2023 0:00,SOS005L04P,153,226,957,3052,6221.5,5996.0,6465.75
23/01/2023 0:00,SOS002L09P,126,195,896,5502,6641.221981,4518.0,6119.221981
23/01/2023 0:00,SOS001L12P,142,213,861,7016,11854.0,10733.0,8433.0
23/01/2023 0:00,SOS500M24P,119,184,568,3008,4867.0,4953.0,4286.0
23/01/2023 0:00,POV002L09P,61,103,153,116,260.0,116.0,269.0
23/01/2023 0:00,POV001L24P,92,153,222,604,1831.0,1859.0,1433.0
23/01/2023 0:00,POP001L12P,99,160,193,1003,839.0,70.0,1672.0
23/01/2023 0:00,AT5X5K,43,121,168,500,847.4,530.0,1120.0
23/01/2023 0:00,ATN02K12P,31,93,125,500,827.0,790.0,650.0
23/01/2023 0:00,ATN01K24P,75,219,716,2500,3407.667,1580.0,3118.0
23/01/2023 0:00,MAR01K24P,51,148,309,500,759.667,605.0,812.0
24/01/2023 0:00,SOS005L04P,153,226,957,5052,6428.0,6349.0,5096.0
24/01/2023 0:00,POP001L12P,99,160,193,280,1174.0,1005.0,1634.0
24/01/2023 0:00,POP002L09P,53,88,84,69,9.0,56.0,98.0
24/01/2023 0:00,AT5X5K,43,121,168,500,965.0,820.0,864.0
24/01/2023 0:00,ATN01K24P,75,219,716,2000,3326.0,3642.0,2373.0
24/01/2023 0:00,MAR01K24P,51,148,309,500,655.0,875.0,568.0
26/01/2023 0:00,SOS001L12P,142,213,861,11004,7426.0,8742.0,12848.0
26/01/2023 0:00,SOS500M24P,119,184,568,4511,3439.0,4500.0,5009.0
26/01/2023 0:00,SOS250M48P,49,88,50,4,367.0,127.0,270.0
26/01/2023 0:00,POV002L09P,61,103,153,203,233.0,350.0,499.0
26/01/2023 0:00,POV001L24P,92,153,222,506,714.0,1140.0,1868.0
26/01/2023 0:00,POV500M24P,74,122,152,809,627.0,560.0,1145.0
26/01/2023 0:00,POP001L12P,99,160,193,850,240.0,238.0,1685.0
26/01/2023 0:00,POPF01L12P,23,36,36,67,540.0,440.0,1420.0
26/01/2023 0:00,MAR01K24P,51,148,309,500,980.001,995.0,709.0
29/01/2023 0:00,SOS005L04P,153,226,957,8038,4790.0,6819.0,10318.0
29/01/2023 0:00,SOS003L04P,91,146,375,993,1268.0,1646.0,1157.0
29/01/2023 0:00,SOS002L09P,126,195,896,7000,3357.332971,6575.0,7007.554952
29/01/2023 0:00,SOS001L12P,142,213,861,10000,5239.0,8046.0,11075.0
29/01/2023 0:00,SOS500M24P,119,184,568,5004,1640.0,2961.0,5655.0
29/01/2023 0:00,POP001L12P,99,160,193,731,1165.0,1885.0,2176.0
29/01/2023 0:00,AT5X5K,43,121,168,1500,1132.0,710.0,2444.0
29/01/2023 0:00,ATN01K24P,75,219,716,3000,1177.0,715.0,5019.0
29/01/2023 0:00,ATWWP002K12P,3,3,1,2,33.0,30.0,6.0
29/01/2023 0:00,MAHS025K,6,19,10,18,8.0,0.0,31.0
29/01/2023 0:00,SE500G24P,50,154,204,500,510.833,180.0,1540.0
30/01/2023 0:00,SOS005L04P,153,226,957,5422,7789.0,6104.0,9076.75
30/01/2023 0:00,POV005L04P,38,66,64,300,90.0,85.0,315.0
30/01/2023 0:00,POV002L09P,61,103,153,508,239.0,261.0,509.0
30/01/2023 0:00,POV001L24P,92,153,222,1009,824.0,1620.0,2488.0
30/01/2023 0:00,POP001L12P,99,160,193,957,453.0,252.0,2665.0
30/01/2023 0:00,POP002L09P,53,88,84,100,27.0,75.0,121.0
30/01/2023 0:00,ATN02K12P,31,93,125,1000,1596.0,1460.0,1386.5
30/01/2023 0:00,ATN01K24P,75,219,716,3000,4516.0,3840.0,3899.0
30/01/2023 0:00,MAR01K24P,51,148,309,200,720.0,423.0,745.0
30/01/2023 0:00,MASR025K,14,28,24,13,60.0,50.0,54.0
30/01/2023 0:00,SE500G24P,50,154,204,500,1158.167,920.0,869.0
31/01/2023 0:00,SOS003L04P,91,146,375,30,1575.0,680.0,424.0
31/01/2023 0:00,SOS250M48P,49,88,50,1,416.0,751.0,130.0
31/01/2023 0:00,POV001L24P,92,153,222,1203,2528.0,1736.0,1309.0
31/01/2023 0:00,POV500M24P,74,122,152,337,1485.0,1195.0,714.0
31/01/2023 0:00,AT5X5K,43,121,168,1200,767.0,990.0,2101.0
31/01/2023 0:00,ATN02K12P,31,93,125,800,870.916,1050.0,1599.583
31/01/2023 0:00,ATN01K24P,75,219,716,3000,5276.417,4620.0,3735.25
31/01/2023 0:00,MAR01K24P,51,148,309,500,1140.75,850.0,803.583
01/02/2023 0:00,MAR01K24P,51,148,309,380,647.0,850.0,1365.33
01/02/2023 0:00,SE200G24P,17,37,29,17,0.0,45.0,125.42
02/02/2023 0:00,SOS005L04P,153,226,957,11439,8917.0,9365.0,12920.0
02/02/2023 0:00,SOS002L09P,126,195,896,2597,7401.0,17625.0,10433.11099
02/02/2023 0:00,SOS001L12P,142,213,861,11063,10486.0,15117.0,17659.16703
02/02/2023 0:00,SOS500M24P,119,184,568,4046,3725.0,7043.0,7360.0
02/02/2023 0:00,POV002L09P,61,103,153,500,306.0,292.0,736.0
02/02/2023 0:00,POV001L24P,92,153,222,3505,677.0,740.0,3692.0
02/02/2023 0:00,POP002L09P,53,88,84,100,116.0,224.0,503.0
02/02/2023 0:00,POP500M24P,83,142,114,510,170.0,874.686,1081.0
02/02/2023 0:00,POPF01L12P,23,36,36,505,16.0,1311.5,1119.0
02/02/2023 0:00,MAR01K24P,51,148,309,445,819.0,710.0,1035.583
02/02/2023 0:00,SE500G24P,50,154,204,500,326.0,566.0,1144.083
04/02/2023 0:00,ATN01K24P,75,219,716,500,1227.13,1738.0,979.0
04/02/2023 0:00,MASR025K,14,28,24,100,249.0,52.0,240.0
05/02/2023 0:00,SOS005L04P,153,226,957,10500,9460.5,12455.5,24629.0
05/02/2023 0:00,SOS003L04P,91,146,375,2000,1044.25,1130.0,2558.0
05/02/2023 0:00,SOS002L09P,126,195,896,3100,5086.11099,9393.0,16933.0
05/02/2023 0:00,SOS001L12P,142,213,861,6371,7341.500996,13485.0,25394.0
05/02/2023 0:00,SOS500M24P,119,184,568,4500,2776.718931,7649.333,9705.0
05/02/2023 0:00,SOS250M48P,49,88,50,31,209.0,77.0,769.0
05/02/2023 0:00,SOP001L12P,16,31,27,130,167.582971,154.0,338.0
05/02/2023 0:00,POV005L04P,38,66,64,42,337.0,569.0,494.0
05/02/2023 0:00,POV002L09P,61,103,153,703,670.0,950.0,1383.0
05/02/2023 0:00,POV001L24P,92,153,222,2501,1949.0,2050.0,4460.0
05/02/2023 0:00,POV500M24P,74,122,152,2019,1147.0,991.0,2039.0
05/02/2023 0:00,POP001L12P,99,160,193,1000,1450.0,4629.0,2065.0
05/02/2023 0:00,POPF01L12P,23,36,36,524,390.0,390.0,1013.0
05/02/2023 0:00,AT5X5K,43,121,168,500,445.0,340.0,732.0
05/02/2023 0:00,ATN02K12P,31,93,125,500,568.0,500.0,616.0
05/02/2023 0:00,ATN01K24P,75,219,716,500,1866.625,840.0,4924.0
05/02/2023 0:00,MAR01K24P,51,148,309,500,667.583,160.0,929.0
05/02/2023 0:00,MASR025K,14,28,24,100,120.0,0.0,105.0
05/02/2023 0:00,SE500G24P,50,154,204,500,665.083,100.0,1036.0
06/02/2023 0:00,SOS005L04P,153,226,957,5924,13319.0,11010.0,15395.0
06/02/2023 0:00,SOS002L09P,126,195,896,6944,8742.0,6574.0,9378.780012
06/02/2023 0:00,SOS001L12P,142,213,861,6674,14597.0,10910.0,17765.501
06/02/2023 0:00,SOS500M24P,119,184,568,2538,6723.0,2442.0,5541.0
06/02/2023 0:00,POV002L09P,61,103,153,403,240.0,229.0,424.0
06/02/2023 0:00,POP005L04P,37,64,42,104,2.0,0.0,165.0
06/02/2023 0:00,POP002L09P,53,88,84,203,30.0,20.0,208.0
06/02/2023 0:00,POPF01L12P,23,36,36,502,370.0,370.0,1195.0
06/02/2023 0:00,AT5X5K,43,121,168,500,913.0,1060.0,1440.0
06/02/2023 0:00,ATN02K12P,31,93,125,500,1026.0,600.0,801.0
06/02/2023 0:00,ATN01K24P,75,219,716,1000,3691.0,3225.0,2517.0
06/02/2023 0:00,MAR01K24P,51,148,309,500,569.0,860.0,657.0
06/02/2023 0:00,MASR025K,14,28,24,141,190.0,336.0,240.0
06/02/2023 0:00,MAHS025K,6,19,10,2,0.0,0.0,20.0
07/02/2023 0:00,SOS003L04P,91,146,375,2001,1382.0,1945.0,2303.5
07/02/2023 0:00,POV001L24P,92,153,222,101,2014.0,2115.0,1716.0
07/02/2023 0:00,POP001L12P,99,160,193,88,1400.0,1500.0,327.0
07/02/2023 0:00,MAR01K24P,51,148,309,380,929.0,100.0,722.577
08/02/2023 0:00,POV002L09P,61,103,153,505,522.0,460.0,770.0
08/02/2023 0:00,POV001L24P,92,153,222,2500,1729.0,1955.0,2746.0
08/02/2023 0:00,POV500M24P,74,122,152,625,634.0,1385.0,883.0
08/02/2023 0:00,MAR01K24P,51,148,309,600,488.16,510.0,714.0
08/02/2023 0:00,SE200G24P,17,37,29,3,41.0,196.0,270.0
09/02/2023 0:00,SOS005L04P,153,226,957,10000,13016.0,7892.0,13667.0
09/02/2023 0:00,SOS002L09P,126,195,896,6001,8678.0,9484.0,8422.0
09/02/2023 0:00,SOS001L12P,142,213,861,13001,12157.0,7565.0,14209.0
09/02/2023 0:00,POV001L24P,92,153,222,2486,1734.0,1680.0,2542.0
09/02/2023 0:00,POV500M24P,74,122,152,1000,1530.0,1530.0,1343.0
09/02/2023 0:00,POP001L12P,99,160,193,200,1481.0,1431.0,1160.0
09/02/2023 0:00,ATN01K24P,75,219,716,3000,2525.0,1940.0,4361.0
09/02/2023 0:00,MAR01K24P,51,148,309,600,600.0,1070.0,1040.0
09/02/2023 0:00,SE500G24P,50,154,204,500,663.0,265.0,1351.0
11/02/2023 0:00,AT5X5K,43,121,168,1000,1170.0,730.0,1475.0
11/02/2023 0:00,ATN02K12P,31,93,125,200,628.167,0.0,297.0
12/02/2023 0:00,SOS005L04P,153,226,957,10009,8079.0,9573.0,18077.0
12/02/2023 0:00,SOS002L09P,126,195,896,6500,6241.0,6835.0,14769.0
12/02/2023 0:00,SOS001L12P,142,213,861,13000,7763.666033,10827.0,19648.0
12/02/2023 0:00,SOS500M24P,119,184,568,5381,3621.61404,6195.0,9100.0
12/02/2023 0:00,POV005L04P,38,66,64,500,218.0,315.0,704.0
12/02/2023 0:00,POV001L24P,92,153,222,3952,1998.0,3553.0,4469.0
12/02/2023 0:00,POV500M24P,74,122,152,1507,1027.0,2298.0,2676.0
12/02/2023 0:00,POP001L12P,99,160,193,1780,420.0,400.0,2513.0
12/02/2023 0:00,AT5X5K,43,121,168,1000,1518.0,1675.0,1528.0
12/02/2023 0:00,ATN02K12P,31,93,125,100,736.0,1110.0,1060.0
12/02/2023 0:00,ATN01K24P,75,219,716,500,753.0,760.0,5303.0
12/02/2023 0:00,SE500G24P,50,154,204,500,252.0,590.0,2063.0
12/02/2023 0:00,SE200G24P,17,37,29,100,39.0,91.0,110.0
13/02/2023 0:00,SOS005L04P,153,226,957,10022,13862.0,12742.0,17193.25
13/02/2023 0:00,SOS002L09P,126,195,896,7000,9566.0,8385.0,10490.0
13/02/2023 0:00,SOS001L12P,142,213,861,14000,13800.0,13608.0,16757.0
13/02/2023 0:00,POV005L04P,38,66,64,302,597.0,320.0,501.0
13/02/2023 0:00,POV002L09P,61,103,153,309,1005.0,501.0,1036.0
13/02/2023 0:00,POV001L24P,92,153,222,2952,3398.0,4134.0,3515.0
13/02/2023 0:00,POV500M24P,74,122,152,500,1968.0,1613.0,2016.0
13/02/2023 0:00,POP001L12P,99,160,193,60,205.0,205.0,1046.0
13/02/2023 0:00,POPF01L12P,23,36,36,518,393.0,345.0,1150.0
13/02/2023 0:00,ATN01K24P,75,219,716,1000,3220.0,2970.0,4717.833
13/02/2023 0:00,SE500G24P,50,154,204,800,665.0,555.0,1068.0
13/02/2023 0:00,SE200G24P,17,37,29,1,20.0,277.0,58.0
14/02/2023 0:00,SOS005L04P,153,226,957,10039,12501.0,14021.0,29251.0
14/02/2023 0:00,SOS002L09P,126,195,896,4847,8319.0,6870.0,17948.55598
14/02/2023 0:00,SOS001L12P,142,213,861,8542,14085.501,15309.0,28339.0
14/02/2023 0:00,POP001L12P,99,160,193,640,370.0,370.0,1975.0
14/02/2023 0:00,POP002L09P,53,88,84,100,317.0,92.0,139.0
14/02/2023 0:00,AT5X5K,43,121,168,1500,1401.0,1303.0,3623.0
14/02/2023 0:00,ATN01K24P,75,219,716,5000,4263.0,3601.0,9012.0
14/02/2023 0:00,MAR01K24P,51,148,309,1000,1120.0,1550.0,1833.0
14/02/2023 0:00,SE500G24P,50,154,204,1000,1135.0,1462.0,1830.0
15/02/2023 0:00,SOS008L02P,52,92,78,786,622.0,565.0,819.0
15/02/2023 0:00,SOS005L04P,153,226,957,10331,10579.25,7609.25,12985.75
15/02/2023 0:00,SOS002L09P,126,195,896,6633,5920.0,2713.0,7113.444022
15/02/2023 0:00,SOS001L12P,142,213,861,11513,10174.0,5534.0,14869.91594
15/02/2023 0:00,ATN02K12P,31,93,125,500,476.0,610.0,618.917
15/02/2023 0:00,MAR02K12P,8,22,42,15,200.0,0.0,332.583
15/02/2023 0:00,SE500G24P,50,154,204,1000,1043.0,660.0,1414.667
16/02/2023 0:00,SOS005L04P,153,226,957,11474,11898.0,12904.0,15844.5
16/02/2023 0:00,SOS002L09P,126,195,896,4384,7184.0,6683.0,9222.221981
16/02/2023 0:00,SOS001L12P,142,213,861,10338,15307.66295,16136.33,15500.0
16/02/2023 0:00,SOS500M24P,119,184,568,5190,5794.0,4377.0,5645.0
16/02/2023 0:00,POV002L09P,61,103,153,503,603.0,626.0,530.0
16/02/2023 0:00,SE500G24P,50,154,204,1200,664.0,350.0,1351.583
19/02/2023 0:00,SOS005L04P,153,226,957,12000,10983.0,13837.0,16128.0
19/02/2023 0:00,SOS001L12P,142,213,861,10000,11654.66703,8562.0,15428.32998
19/02/2023 0:00,SOS500M24P,119,184,568,5004,4523.0,5005.0,5529.0
19/02/2023 0:00,POV001L24P,92,153,222,2476,1998.0,2297.0,2722.0
19/02/2023 0:00,AT5X5K,43,121,168,1000,379.0,0.0,1097.0
19/02/2023 0:00,ATN02K12P,31,93,125,1000,666.0,305.0,1224.0
19/02/2023 0:00,ATN01K24P,75,219,716,3000,1906.998,665.0,6197.215
19/02/2023 0:00,MAR01K24P,51,148,309,887,938.166,500.0,1022.0
19/02/2023 0:00,MAHS025K,6,19,10,13,27.0,0.0,87.0
19/02/2023 0:00,SE500G24P,50,154,204,1200,786.166,1560.0,3160.0
19/02/2023 0:00,SE200G24P,17,37,29,200,209.0,45.0,226.0
20/02/2023 0:00,SOS001L12P,142,213,861,11000,9313.5,10380.0,11561.0
20/02/2023 0:00,POV500M24P,74,122,152,1015,945.0,1080.0,1288.0
20/02/2023 0:00,AT5X5K,43,121,168,1000,1234.0,920.0,2253.0
20/02/2023 0:00,ATN02K12P,31,93,125,1500,895.0,440.0,1745.894667
20/02/2023 0:00,ATN01K24P,75,219,716,3000,6233.484,4107.0,10050.80867
20/02/2023 0:00,MAHS025K,6,19,10,100,80.0,90.0,105.0
20/02/2023 0:00,SE500G24P,50,154,204,2000,1209.17,2310.0,2267.0
22/02/2023 0:00,SOS001L12P,142,213,861,9678,8777.5,5435.0,12437.0
22/02/2023 0:00,SOS500M24P,119,184,568,4001,4038.0,2451.0,5588.0
22/02/2023 0:00,POV005L04P,38,66,64,300,182.0,130.0,417.0
22/02/2023 0:00,AT5X5K,43,121,168,1000,892.0,470.0,2434.0
22/02/2023 0:00,ATN02K12P,31,93,125,500,769.0,1006.0,1385.292667
23/02/2023 0:00,SOS005L04P,153,226,957,10898,8365.0,11752.0,12238.0
23/02/2023 0:00,SOS002L09P,126,195,896,4346,8524.340036,13228.0,8335.0
23/02/2023 0:00,POV001L24P,92,153,222,1500,1630.0,1920.0,1845.0
23/02/2023 0:00,SE500G24P,50,154,204,2000,1364.0,2075.0,2488.0
25/02/2023 0:00,MASR025K,14,28,24,200,196.0,170.0,354.0
26/02/2023 0:00,SOS003L04P,91,146,375,1153,472.0,1104.0,1577.0
26/02/2023 0:00,SOS002L09P,126,195,896,4385,3440.441002,6510.0,9543.0
26/02/2023 0:00,SOS500M24P,119,184,568,3002,1430.0,3572.0,5427.0
26/02/2023 0:00,POV001L24P,92,153,222,2000,773.0,1140.0,2580.0
26/02/2023 0:00,POP001L12P,99,160,193,1500,808.0,713.0,2341.0
26/02/2023 0:00,ATN02K12P,31,93,125,645,495.6666667,142.0,719.0833333
26/02/2023 0:00,ATN01K24P,75,219,716,4000,2048.899167,1640.0,4608.833333
26/02/2023 0:00,MAR01K24P,51,148,309,500,532.0,103.0,1160.0
27/02/2023 0:00,POV001L24P,92,153,222,1028,2031.0,1885.734,1312.0
27/02/2023 0:00,AT5X5K,43,121,168,500,782.0,820.0,858.0
27/02/2023 0:00,ATN01K24P,75,219,716,3000,3934.980667,3646.0,5739.541667
27/02/2023 0:00,MAR01K24P,51,148,309,500,661.0,270.0,822.0
28/02/2023 0:00,ATN02K12P,31,93,125,900,464.5826667,428.0,1331.916
01/03/2023 0:00,SOS005L04P,153,226,957,10000,5559.0,10785.3,17085.75
01/03/2023 0:00,SOS002L09P,126,195,896,4000,3409.0,8729.615,11952.65797
01/03/2023 0:00,SOS001L12P,142,213,861,10000,5768.829982,14269.383,14023.0
01/03/2023 0:00,SOS500M24P,119,184,568,3197,2080.659964,3999.77,7512.0
01/03/2023 0:00,SOS250M48P,49,88,50,3,169.0,138.959,226.0
01/03/2023 0:00,POV002L09P,61,103,153,500,338.0,450.673,1757.0
01/03/2023 0:00,POV001L24P,92,153,222,1500,1103.0,910.0,2787.0
01/03/2023 0:00,POV500M24P,74,122,152,805,444.0,400.0,2255.0
01/03/2023 0:00,POP001L12P,99,160,193,1207,301.0,530.0,2740.0
01/03/2023 0:00,POP002L09P,53,88,84,200,115.0029915,148.0,397.0
01/03/2023 0:00,POP500M24P,83,142,114,204,90.0,90.0,674.0
01/03/2023 0:00,ATN01K24P,75,219,716,2000,2909.0,6632.166,3664.001667
01/03/2023 0:00,MAR01K24P,51,148,309,215,783.0,1341.0,1021.0
02/03/2023 0:00,SOS002L09P,126,195,896,3000,4855.109964,7235.0,8539.332971
02/03/2023 0:00,POV005L04P,38,66,64,300,166.0,131.0,782.0
02/03/2023 0:00,POV002L09P,61,103,153,503,545.0,403.0,1105.0
02/03/2023 0:00,POV001L24P,92,153,222,1602,1242.0,1911.0,3287.0
02/03/2023 0:00,POV500M24P,74,122,152,1000,1179.0,1589.0,1438.0
02/03/2023 0:00,POP005L04P,37,64,42,200,32.0,88.0,207.0
02/03/2023 0:00,POP002L09P,53,88,84,203,112.0,133.0,429.0
02/03/2023 0:00,POP500M24P,83,142,114,203,160.0,521.0,618.0
02/03/2023 0:00,POPF01L12P,23,36,36,320,61.0,200.0,663.0
02/03/2023 0:00,ATN01K24P,75,219,716,2000,3759.793,3335.0,3826.0
02/03/2023 0:00,MAR01K24P,51,148,309,1285,898.0,350.0,1847.0
02/03/2023 0:00,SE500G24P,50,154,204,590,1513.42,350.0,1939.0
04/03/2023 0:00,MASR025K,14,28,24,15,130.0,60.0,360.0
04/03/2023 0:00,SE500G24P,50,154,204,11,2087.0,1050.0,190.0
05/03/2023 0:00,SOS005L04P,153,226,957,6004,10140.0,8431.0,20491.5
05/03/2023 0:00,SOS002L09P,126,195,896,4190,6768.11099,3291.0,11536.88798
05/03/2023 0:00,SOS001L12P,142,213,861,11571,10103.16603,10644.0,19065.0
05/03/2023 0:00,SOS500M24P,119,184,568,3000,2788.0,3342.0,7872.0
05/03/2023 0:00,POV001L24P,92,153,222,2000,1270.0,1358.0,3326.0
05/03/2023 0:00,POV500M24P,74,122,152,1510,606.0,816.0,2330.0
05/03/2023 0:00,POP001L12P,99,160,193,823,2534.0,2314.0,1180.0
05/03/2023 0:00,POP005L04P,37,64,42,100,26.0,165.0,188.0
05/03/2023 0:00,MAHS025K,6,19,10,15,0.0,30.0,25.0
05/03/2023 0:00,SE500G24P,50,154,204,1100,1084.0,1100.0,2760.0
05/03/2023 0:00,SE200G24P,17,37,29,1,114.0,52.0,201.0
06/03/2023 0:00,SOS008L02P,52,92,78,1000,869.0,1235.0,1228.0
06/03/2023 0:00,SOS005L04P,153,226,957,13085,15952.5,14899.0,19242.5
06/03/2023 0:00,SOS002L09P,126,195,896,3016,7729.998007,3995.0,10460.11002
06/03/2023 0:00,SOS001L12P,142,213,861,9737,11883.32998,12590.0,17717.32998
06/03/2023 0:00,POV002L09P,61,103,153,701,510.0,610.0,1487.0
06/03/2023 0:00,POV001L24P,92,153,222,1007,1496.0,1375.0,3238.0
06/03/2023 0:00,POP002L09P,53,88,84,301,116.0,156.0,327.0
06/03/2023 0:00,MAR01K24P,51,148,309,500,917.0,1260.0,1392.0
06/03/2023 0:00,SE500G24P,50,154,204,1000,2119.0,1238.0,1317.0
07/03/2023 0:00,SOS005L04P,153,226,957,12753,13671.0,14489.0,21303.0
07/03/2023 0:00,SOS002L09P,126,195,896,3234,7816.0,3988.0,10081.77802
07/03/2023 0:00,SOS001L12P,142,213,861,13994,13982.25,15485.0,17483.0
07/03/2023 0:00,SOS500M24P,119,184,568,5001,4544.0,4940.0,5518.0
07/03/2023 0:00,POV002L09P,61,103,153,705,428.0,300.0,815.0
07/03/2023 0:00,POV001L24P,92,153,222,1000,2308.0,2305.0,2506.0
07/03/2023 0:00,POV500M24P,74,122,152,1710,1704.0,1140.0,1790.0
07/03/2023 0:00,POP005L04P,37,64,42,105,57.0,217.0,182.0
07/03/2023 0:00,POP002L09P,53,88,84,224,91.0,92.0,391.0
07/03/2023 0:00,SE500G24P,50,154,204,1000,1174.0,215.0,1089.0
09/03/2023 0:00,SOS008L02P,52,92,78,2062,471.0,708.0,2777.0
09/03/2023 0:00,SOS005L04P,153,226,957,10280,15194.0,13126.0,28774.0
09/03/2023 0:00,SOS002L09P,126,195,896,5046,5626.0,4204.0,14697.33297
09/03/2023 0:00,SOS001L12P,142,213,861,10563,13115.0,11456.0,22738.16603
09/03/2023 0:00,SOS500M24P,119,184,568,3571,3511.0,4207.0,8655.0
09/03/2023 0:00,POV001L24P,92,153,222,685,1114.0,1310.0,5999.0
09/03/2023 0:00,POV500M24P,74,122,152,1000,451.0,865.0,2868.0
09/03/2023 0:00,POP001L12P,99,160,193,1323,0.0,0.0,4952.0
09/03/2023 0:00,POP002L09P,53,88,84,2,145.0,195.0,558.0
09/03/2023 0:00,POP500M24P,83,142,114,731,449.0,725.0,940.0
09/03/2023 0:00,AT5X5K,43,121,168,725,350.0,360.0,1276.0
09/03/2023 0:00,ATN02K12P,31,93,125,500,347.0,0.0,1158.0
09/03/2023 0:00,ATN01K24P,75,219,716,3000,1723.0,1000.0,3861.0
09/03/2023 0:00,MAR02K12P,8,22,42,406,202.0,0.0,560.0
09/03/2023 0:00,MAR01K24P,51,148,309,1200,519.0,410.0,1293.0
09/03/2023 0:00,SE500G24P,50,154,204,500,544.0,440.0,1094.0
09/03/2023 0:00,SE200G24P,17,37,29,2,147.0,40.0,100.0
12/03/2023 0:00,SOS005L04P,153,226,957,15000,11336.0,13222.0,25024.0
12/03/2023 0:00,SOS003L04P,91,146,375,2000,1552.0,1702.0,3784.0
12/03/2023 0:00,SOS001L12P,142,213,861,16262,9239.082971,8455.0,23724.83297
12/03/2023 0:00,SOS500M24P,119,184,568,4538,3222.0,3148.0,8504.0
12/03/2023 0:00,POV005L04P,38,66,64,1200,354.0,350.0,1345.0
12/03/2023 0:00,POV001L24P,92,153,222,2000,1553.0,1854.0,7043.0
12/03/2023 0:00,POV500M24P,74,122,152,1234,1018.0,986.0,4112.0
12/03/2023 0:00,POP001L12P,99,160,193,1463,840.0,830.0,2000.0
12/03/2023 0:00,POPF01L12P,23,36,36,352,122.0,150.0,671.0
12/03/2023 0:00,AT5X5K,43,121,168,500,438.0,152.0,690.0
12/03/2023 0:00,ATN02K12P,31,93,125,205,415.0,935.0,669.0
12/03/2023 0:00,ATN01K24P,75,219,716,1000,1530.667,1094.0,3098.0
12/03/2023 0:00,MAR01K24P,51,148,309,565,359.0,130.0,1087.0
12/03/2023 0:00,SE500G24P,50,154,204,520,216.0,300.0,1157.0
13/03/2023 0:00,SOS001L12P,142,213,861,10740,16336.24592,14997.0,15445.0
13/03/2023 0:00,SOS500M24P,119,184,568,2007,5305.0,3530.0,5258.0
13/03/2023 0:00,POV001L24P,92,153,222,2838,2191.0,1817.0,3820.0
13/03/2023 0:00,POV500M24P,74,122,152,1100,1002.0,655.0,2129.0
13/03/2023 0:00,ATN01K24P,75,219,716,1060,2035.167,1546.0,2082.0
14/03/2023 0:00,SOS005L04P,153,226,957,11613,18517.0,18719.0,16019.0
14/03/2023 0:00,SOS003L04P,91,146,375,3009,3076.5,2819.0,3172.0
14/03/2023 0:00,SOS500M24P,119,184,568,2509,5149.0,4094.0,4970.0
14/03/2023 0:00,ATN01K24P,75,219,716,2000,1587.0,1690.0,2081.0
14/03/2023 0:00,MAR01K24P,51,148,309,500,980.0,860.0,1031.0
14/03/2023 0:00,SE500G24P,50,154,204,32,532.5,537.0,692.0
15/03/2023 0:00,ATN02K12P,31,93,125,300,331.677,0.0,386.25
15/03/2023 0:00,MASR025K,14,28,24,100,98.0,73.0,107.0
16/03/2023 0:00,SOS005L04P,153,226,957,16000,18147.0,17192.0,16046.75
16/03/2023 0:00,SOS001L12P,142,213,861,13000,14697.66703,14961.0,18418.25598
16/03/2023 0:00,POV001L24P,92,153,222,2052,4700.0,5063.0,3218.0
16/03/2023 0:00,POV500M24P,74,122,152,852,2790.0,2988.0,1469.0
16/03/2023 0:00,POP005L04P,37,64,42,205,167.0,280.0,420.0
16/03/2023 0:00,POPF01L12P,23,36,36,138,410.0,430.0,510.0
16/03/2023 0:00,ATN01K24P,75,219,716,2000,1740.0,1835.0,2064.749
18/03/2023 0:00,ATN02K12P,31,93,125,57,342.25,150.0,239.0
18/03/2023 0:00,MAR01K24P,51,148,309,36,561.292,587.0,374.292
19/03/2023 0:00,SOS005L04P,153,226,957,15046,7632.75,8242.0,24302.0
19/03/2023 0:00,SOS003L04P,91,146,375,2035,1060.0,4065.0,3756.0
19/03/2023 0:00,SOS002L09P,126,195,896,14408,3908.889976,8200.0,20880.88998
19/03/2023 0:00,SOS001L12P,142,213,861,13655,4590.0,8501.0,23080.34004
19/03/2023 0:00,SOS500M24P,119,184,568,4007,1383.0,5280.0,8003.0
19/03/2023 0:00,POV001L24P,92,153,222,3000,2050.0,2718.0,5634.0
19/03/2023 0:00,POV500M24P,74,122,152,2001,963.0,1340.0,3023.0
19/03/2023 0:00,POP001L12P,99,160,193,2060,740.0,980.0,2092.0
19/03/2023 0:00,POP500M24P,83,142,114,504,133.0,270.0,553.0
19/03/2023 0:00,POPF01L12P,23,36,36,602,32.0,200.0,970.0
19/03/2023 0:00,ATN02K12P,31,93,125,3,158.0,20.0,213.0
19/03/2023 0:00,MASR025K,14,28,24,2,45.0,15.0,285.0
19/03/2023 0:00,SE500G24P,50,154,204,200,638.0,347.0,666.0
20/03/2023 0:00,SOS005L04P,153,226,957,10189,14513.25,12679.0,14808.0
20/03/2023 0:00,SOS002L09P,126,195,896,13232,12687.33001,12991.0,13414.0
20/03/2023 0:00,SOS001L12P,142,213,861,10182,14743.67002,13067.0,14641.999
20/03/2023 0:00,SOS500M24P,119,184,568,2010,4287.0,3452.0,4110.0
20/03/2023 0:00,POV005L04P,38,66,64,700,536.0,381.0,972.0
20/03/2023 0:00,POP001L12P,99,160,193,2000,765.0,1490.0,2575.0
20/03/2023 0:00,POP005L04P,37,64,42,300,155.0,88.0,402.0
20/03/2023 0:00,POPF01L12P,23,36,36,403,116.0,170.0,630.0
20/03/2023 0:00,ATN02K12P,31,93,125,435,424.0,250.0,1161.0
20/03/2023 0:00,MAR02K12P,8,22,42,100,50.0,0.0,421.0
20/03/2023 0:00,MAR01K24P,51,148,309,925,359.0,0.0,998.0
20/03/2023 0:00,SE500G24P,50,154,204,500,465.333,0.0,878.0
20/03/2023 0:00,SE200G24P,17,37,29,200,35.0,0.0,263.0
21/03/2023 0:00,POV005L04P,38,66,64,700,789.0,915.0,1340.0
21/03/2023 0:00,ATN01K24P,75,219,716,1025,1829.0,1415.0,1451.583
21/03/2023 0:00,SE500G24P,50,154,204,200,604.0,540.0,432.5
22/03/2023 0:00,SOS005L04P,153,226,957,12609,15609.25,11148.0,14527.0
22/03/2023 0:00,SOS003L04P,91,146,375,1252,2242.0,1716.0,2431.0
22/03/2023 0:00,SOS001L12P,142,213,861,12014,11893.57998,12299.0,12264.0
22/03/2023 0:00,SOS500M24P,119,184,568,4369,2820.167029,379.0,4572.0
22/03/2023 0:00,POV005L04P,38,66,64,200,933.0,980.0,952.0
22/03/2023 0:00,POV002L09P,61,103,153,951,1830.0,1780.0,1357.0
23/03/2023 0:00,SOS005L04P,153,226,957,16551,13002.0,12569.0,17232.5
23/03/2023 0:00,SOS003L04P,91,146,375,2572,1708.0,1320.0,2796.0
23/03/2023 0:00,SOS002L09P,126,195,896,12797,10779.44197,11076.44,13366.77693
23/03/2023 0:00,SOS001L12P,142,213,861,12386,12582.0,13036.0,16164.58297
23/03/2023 0:00,POV005L04P,38,66,64,1300,315.0,180.0,1500.0
23/03/2023 0:00,POV002L09P,61,103,153,1500,855.0,695.0,2171.0
23/03/2023 0:00,POV001L24P,92,153,222,3377,1555.0,2085.0,5664.0
23/03/2023 0:00,ATN01K24P,75,219,716,2000,893.665,1095.0,2678.583
23/03/2023 0:00,MAR02K12P,8,22,42,12,47.0,50.0,56.0
23/03/2023 0:00,MAR01K24P,51,148,309,1010,376.0,145.0,1803.833
23/03/2023 0:00,SE500G24P,50,154,204,500,247.0,460.0,611.0
25/03/2023 0:00,MASR025K,14,28,24,100,44.0,0.0,100.0
27/03/2023 0:00,SOS005L04P,153,226,957,9000,5041.0,7783.0,15551.0
27/03/2023 0:00,SOS002L09P,126,195,896,4220,3243.0,4065.0,13149.66999
27/03/2023 0:00,SOS001L12P,142,213,861,6649,7309.832971,8390.0,15930.33297
27/03/2023 0:00,SOS500M24P,119,184,568,3000,3150.0,6835.0,7344.0
27/03/2023 0:00,POV001L24P,92,153,222,791,1527.0,1490.0,6067.0
27/03/2023 0:00,POV500M24P,74,122,152,700,1201.0,1265.0,3234.0
27/03/2023 0:00,POP500M24P,83,142,114,305,593.0,400.0,364.0
27/03/2023 0:00,ATN01K24P,75,219,716,502,1143.0,100.0,2745.0
27/03/2023 0:00,MAR01K24P,51,148,309,464,376.0,50.0,1883.0
27/03/2023 0:00,SE500G24P,50,154,204,220,433.0,0.0,1295.0
27/03/2023 0:00,SE200G24P,17,37,29,50,165.0,20.0,434.0
28/03/2023 0:00,SOS005L04P,153,226,957,13084,10454.0,9720.0,13891.0
28/03/2023 0:00,SOS002L09P,126,195,896,7055,8461.116002,5314.0,11503.71999
28/03/2023 0:00,SOS001L12P,142,213,861,12793,9986.245018,13058.333,17396.41105
28/03/2023 0:00,POP500M24P,83,142,114,504,228.0,353.0,758.0
28/03/2023 0:00,MASR025K,14,28,24,3,51.0,50.0,10.0
28/03/2023 0:00,SE500G24P,50,154,204,500,592.0,245.0,817.0
29/03/2023 0:00,ATN01K24P,75,219,716,1000,1363.666,2460.0,1034.0
29/03/2023 0:00,MAHS025K,6,19,10,5,0.0,30.0,15.0
29/03/2023 0:00,SE500G24P,50,154,204,130,224.0,625.0,617.0
29/03/2023 0:00,SE200G24P,17,37,29,4,20.0,94.0,40.0
02/04/2023 0:00,SOS005L04P,153,226,957,9004,2442.0,16085.0,11057.75
02/04/2023 0:00,SOS001L12P,142,213,861,12000,3618.249004,7786.0,12069.66304
02/04/2023 0:00,POV001L24P,92,153,222,2000,678.0,4870.0,3632.0
02/04/2023 0:00,POV500M24P,74,122,152,703,435.0,755.0,2261.0
02/04/2023 0:00,POP500M24P,83,142,114,301,198.0,470.0,505.0
02/04/2023 0:00,POPF01L12P,23,36,36,514,55.0,105.0,900.0
02/04/2023 0:00,ATN02K12P,31,93,125,7,66.0,0.0,158.0
02/04/2023 0:00,ATN01K24P,75,219,716,1000,1556.458,940.0,1579.833
02/04/2023 0:00,SE500G24P,50,154,204,500,725.0,320.0,809.666
03/04/2023 0:00,SOS005L04P,153,226,957,8004,10108.0,10304.0,9555.0
03/04/2023 0:00,POV001L24P,92,153,222,2003,3174.0,3644.0,2205.0
03/04/2023 0:00,ATN01K24P,75,219,716,1000,2997.666,2411.666,3577.334
03/04/2023 0:00,MAR01K24P,51,148,309,614,1249.666,271.666,1140.0
03/04/2023 0:00,SE500G24P,50,154,204,500,950.666,511.666,1215.0
04/04/2023 0:00,SOS002L09P,126,195,896,4001,8469.887983,3557.0,5416.997947
04/04/2023 0:00,SOS001L12P,142,213,861,8973,11943.41603,10003.0,14973.49611
04/04/2023 0:00,SOS500M24P,119,184,568,2824,4670.0,3124.0,3322.0
04/04/2023 0:00,POV001L24P,92,153,222,1970,2330.0,1700.0,2759.0
04/04/2023 0:00,POP002L09P,53,88,84,1,321.0,110.0,205.0
04/04/2023 0:00,AT5X5K,43,121,168,1200,1135.2,1190.0,1386.0
04/04/2023 0:00,ATN01K24P,75,219,716,2500,1681.626,1230.0,2698.541
04/04/2023 0:00,MAR01K24P,51,148,309,1110,555.25,905.0,1732.291
04/04/2023 0:00,SE500G24P,50,154,204,1000,737.333,688.0,1307.416
05/04/2023 0:00,SOS002L09P,126,195,896,4088,4515.11099,2146.0,5281.221014
05/04/2023 0:00,ATN01K24P,75,219,716,1000,2447.0,2519.0,2284.0
05/04/2023 0:00,MAR01K24P,51,148,309,500,1044.0,142.0,1037.0
05/04/2023 0:00,SE500G24P,50,154,204,500,307.0,1297.0,1010.0
06/04/2023 0:00,SOS005L04P,153,226,957,11312,7618.25,9741.0,11791.0
06/04/2023 0:00,SOS003L04P,91,146,375,1295,1752.8,1480.0,2203.75
06/04/2023 0:00,SOS001L12P,142,213,861,11287,11034.99909,13837.0,13864.41504
06/04/2023 0:00,POV005L04P,38,66,64,801,830.0,1070.0,1108.0
06/04/2023 0:00,POV001L24P,92,153,222,3884,2020.0,2607.0,3895.0
06/04/2023 0:00,POV500M24P,74,122,152,506,849.0,1355.0,2063.0
06/04/2023 0:00,MAHS025K,6,19,10,150,0.0,0.0,250.0
08/04/2023 0:00,SOS008L02P,52,92,78,3,203.0,320.0,72.0
08/04/2023 0:00,SOS003L04P,91,146,375,678,1347.75,2660.0,700.0
08/04/2023 0:00,POV002L09P,61,103,153,4,898.0,610.0,115.0
08/04/2023 0:00,POP002L09P,53,88,84,1,240.0,245.0,94.0
08/04/2023 0:00,MASR025K,14,28,24,150,20.0,20.0,410.0
09/04/2023 0:00,SOS005L04P,153,226,957,13000,6300.0,8286.0,15870.5
09/04/2023 0:00,SOS003L04P,91,146,375,2306,838.0,1629.0,2635.0
09/04/2023 0:00,SOS002L09P,126,195,896,4216,4891.774879,3255.0,12983.55501
09/04/2023 0:00,SOS001L12P,142,213,861,8000,7282.581069,9190.0,19458.0
09/04/2023 0:00,SOS500M24P,119,184,568,3323,3150.0,3305.0,7122.0
09/04/2023 0:00,POV001L24P,92,153,222,3117,1349.0,1045.0,5675.0
09/04/2023 0:00,AT5X5K,43,121,168,500,140.0,55.0,1105.4
09/04/2023 0:00,ATN01K24P,75,219,716,1000,1614.167,1215.0,5116.292
09/04/2023 0:00,MAR01K24P,51,148,309,701,921.0,638.0,1715.5
09/04/2023 0:00,SE500G24P,50,154,204,500,468.667,753.0,1841.083
10/04/2023 0:00,SOS005L04P,153,226,957,7719,10373.0,6323.0,8336.5
10/04/2023 0:00,SOS002L09P,126,195,896,2964,6462.555012,4203.0,6724.554952
10/04/2023 0:00,SOS001L12P,142,213,861,10000,12500.33297,6196.0,10915.5
10/04/2023 0:00,POV500M24P,74,122,152,800,1290.0,865.0,1479.0
10/04/2023 0:00,POP500M24P,83,142,114,306,622.0,190.0,665.0
11/04/2023 0:00,SOS005L04P,153,226,957,7012,8937.0,5366.0,7919.5
11/04/2023 0:00,SOS002L09P,126,195,896,3050,5350.0,5010.0,7112.329952
11/04/2023 0:00,SOS001L12P,142,213,861,6199,13803.66703,8639.0,8967.337047
11/04/2023 0:00,AT5X5K,43,121,168,500,721.0,740.0,1567.0
11/04/2023 0:00,ATN01K24P,75,219,716,2500,2232.833,3277.0,5137.0
11/04/2023 0:00,MAR01K24P,51,148,309,1000,796.499,800.0,1948.208
12/04/2023 0:00,SOS008L02P,52,92,78,1211,197.0,63.0,1376.0
12/04/2023 0:00,SOS005L04P,153,226,957,4059,6926.75,5050.0,8547.5
12/04/2023 0:00,SOS002L09P,126,195,896,1506,4271.232005,2279.12,5627.219988
12/04/2023 0:00,SOS001L12P,142,213,861,8168,7604.170018,6953.0,12254.33406
12/04/2023 0:00,MAR01K24P,51,148,309,1500,1430.25,1560.0,1541.25
12/04/2023 0:00,MASR025K,14,28,24,200,0.0,200.0,466.0
12/04/2023 0:00,SE500G24P,50,154,204,600,1449.5,926.0,1261.5
13/04/2023 0:00,SOS005L04P,153,226,957,4065,8333.0,6874.0,14538.75
13/04/2023 0:00,SOS002L09P,126,195,896,3050,3208.989976,3082.77,9639.329952
13/04/2023 0:00,SOS001L12P,142,213,861,11061,11786.33406,10404.0,17552.33297
13/04/2023 0:00,SOS500M24P,119,184,568,1500,3286.0,2520.0,5084.542029
13/04/2023 0:00,POV001L24P,92,153,222,1000,2427.0,3021.0,4713.0
13/04/2023 0:00,AT5X5K,43,121,168,1000,816.0,1320.0,1573.0
13/04/2023 0:00,ATN02K12P,31,93,125,700,179.0,503.0,990.0
13/04/2023 0:00,ATN01K24P,75,219,716,4000,2056.0,2075.0,4215.0
13/04/2023 0:00,MAR02K12P,8,22,42,300,48.0,200.0,407.0
13/04/2023 0:00,MAR01K24P,51,148,309,1000,1371.0,1303.0,1328.41
13/04/2023 0:00,SE500G24P,50,154,204,500,675.0,820.0,1248.0
15/04/2023 0:00,SOS005L04P,153,226,957,4018,6539.75,3445.0,4415.5
15/04/2023 0:00,SOS002L09P,126,195,896,3033,2565.332971,2461.0,3370.0
16/04/2023 0:00,SOS005L04P,153,226,957,7021,6025.25,4981.25,11891.5
16/04/2023 0:00,SOS003L04P,91,146,375,2503,1496.5,1315.5,2826.666033
16/04/2023 0:00,SOS002L09P,126,195,896,2686,3125.996981,3337.777,9860.776993
16/04/2023 0:00,SOS001L12P,142,213,861,5000,7180.91404,7556.08,17235.74701
16/04/2023 0:00,SOS500M24P,119,184,568,2502,2145.666033,1695.666,6056.665036
16/04/2023 0:00,POV001L24P,92,153,222,3592,1668.0,1300.0,4148.0
16/04/2023 0:00,POP002L09P,53,88,84,203,419.0,100.0,547.0
16/04/2023 0:00,AT5X5K,43,121,168,500,1010.0,1060.0,4039.0
16/04/2023 0:00,ATN01K24P,75,219,716,2000,1759.0,5201.0,6565.243
16/04/2023 0:00,MAR02K12P,8,22,42,5,174.0,0.0,15.0
16/04/2023 0:00,MAR01K24P,51,148,309,620,165.0,1765.0,2194.125
16/04/2023 0:00,SE500G24P,50,154,204,500,496.167,1180.0,1373.16
17/04/2023 0:00,SOS005L04P,153,226,957,4046,8643.0,5471.0,8640.0
17/04/2023 0:00,SOS003L04P,91,146,375,2010,2206.666033,1281.666,2578.667029
17/04/2023 0:00,SOS002L09P,126,195,896,4525,5371.0,4520.0,6117.0
17/04/2023 0:00,SOS001L12P,142,213,861,8502,14228.24692,9584.33,10195.00109
17/04/2023 0:00,SOS500M24P,119,184,568,1053,4754.665036,2929.665,3860.667029
17/04/2023 0:00,POV001L24P,92,153,222,1503,3271.0,2275.0,3071.0
17/04/2023 0:00,POV500M24P,74,122,152,702,1858.0,1045.0,1332.0
17/04/2023 0:00,POP002L09P,53,88,84,3,162.0,129.0,396.0
17/04/2023 0:00,AT5X5K,43,121,168,2000,2380.8,2367.0,2169.0
17/04/2023 0:00,ATN02K12P,31,93,125,500,613.0,660.0,848.0
17/04/2023 0:00,ATN01K24P,75,219,716,5000,3378.0,1301.0,5853.0
17/04/2023 0:00,MAR01K24P,51,148,309,1000,1120.0,345.0,1221.0
17/04/2023 0:00,SE500G24P,50,154,204,700,1369.0,540.0,1156.0
18/04/2023 0:00,SOS500M24P,119,184,568,1051,3561.5,2478.0,3968.5
18/04/2023 0:00,POV001L24P,92,153,222,1459,3140.0,3283.0,1928.0
18/04/2023 0:00,AT5X5K,43,121,168,2500,1690.0,1335.0,2811.0
18/04/2023 0:00,ATN02K12P,31,93,125,300,614.833,267.0,1534.667
18/04/2023 0:00,ATN01K24P,75,219,716,5000,4630.833,3120.0,6147.0
19/04/2023 0:00,MAR02K12P,8,22,42,103,74.0,60.0,305.0
26/04/2023 0:00,SOS005L04P,153,226,957,2108,2280.0,5540.0,4237.0
26/04/2023 0:00,AT5X5K,43,121,168,800,1007.8,685.0,1671.0
26/04/2023 0:00,ATN02K12P,31,93,125,500,452.167,286.0,1334.0
26/04/2023 0:00,ATN01K24P,75,219,716,3000,1878.001,1890.0,5019.0
26/04/2023 0:00,MAR01K24P,51,148,309,500,597.0,960.0,703.0
26/04/2023 0:00,SE500G24P,50,154,204,500,264.5,150.0,881.0
27/04/2023 0:00,ATN02K12P,31,93,125,1000,733.0,809.0,1637.667
27/04/2023 0:00,ATN01K24P,75,219,716,5000,4196.0,5900.0,6103.5
27/04/2023 0:00,MASR025K,14,28,24,300,305.0,420.0,423.0
27/04/2023 0:00,SE500G24P,50,154,204,1000,400.0,1282.0,1223.917
27/04/2023 0:00,SE200G24P,17,37,29,1,11.0,30.0,117.0
29/04/2023 0:00,MAR02K12P,8,22,42,100,159.167,105.0,258.0
30/04/2023 0:00,POP005L04P,37,64,42,1,26.0,86.0,75.0
30/04/2023 0:00,AT5X5K,43,121,168,1000,1264.2,1076.0,1888.0
30/04/2023 0:00,ATN02K12P,31,93,125,1200,976.5,1570.0,1483.0
30/04/2023 0:00,ATN01K24P,75,219,716,2000,3070.0,1091.0,6795.083
30/04/2023 0:00,MAR01K24P,51,148,309,500,1117.0,445.0,1300.083
30/04/2023 0:00,SE500G24P,50,154,204,800,718.0,365.0,1220.333
02/05/2023 0:00,SOS500M24P,119,184,568,16,791.332971,50.0,2089.0
02/05/2023 0:00,AT5X5K,43,121,168,1000,156.0,150.0,3075.0
02/05/2023 0:00,ATN02K12P,31,93,125,1000,793.0,700.0,3269.0
02/05/2023 0:00,ATN01K24P,75,219,716,2500,2466.0,1288.0,13188.0
02/05/2023 0:00,MAR02K12P,8,22,42,300,75.0,0.0,838.0
02/05/2023 0:00,MAR01K24P,51,148,309,500,387.0,250.0,2133.0
03/05/2023 0:00,SOS002L09P,126,195,896,3,1008.887983,666.0,50.88798309
03/05/2023 0:00,POV500M24P,74,122,152,7,89.0,16.0,30.0
03/05/2023 0:00,AT5X5K,43,121,168,2500,2830.0,3135.0,4517.8
03/05/2023 0:00,ATN01K24P,75,219,716,6000,7751.334,5145.0,11744.54
03/05/2023 0:00,MAR01K24P,51,148,309,1000,1108.417,760.0,1727.457
03/05/2023 0:00,SE500G24P,50,154,204,1000,1111.0,1131.0,2044.917
04/05/2023 0:00,MASR025K,14,28,24,100,26.0,0.0,390.0
06/05/2023 0:00,SOS003L04P,91,146,375,1087,1841.0,711.0,2184.0
06/05/2023 0:00,SOS002L09P,126,195,896,2200,3125.0,3082.0,2558.11099
06/05/2023 0:00,SOS500M24P,119,184,568,3507,4617.0,2661.0,4250.0
07/05/2023 0:00,SOS005L04P,153,226,957,12058,9008.5,7761.5,12541.0
07/05/2023 0:00,SOS001L12P,142,213,861,12464,13114.5,15427.0,13035.0
07/05/2023 0:00,SOS500M24P,119,184,568,3017,4546.0,3497.0,6710.0
07/05/2023 0:00,AT5X5K,43,121,168,1600,821.0,545.0,4040.0
07/05/2023 0:00,ATN02K12P,31,93,125,1200,1519.083,885.0,3030.0
07/05/2023 0:00,ATN01K24P,75,219,716,4000,3944.999,6075.0,10567.0
07/05/2023 0:00,MAR01K24P,51,148,309,1000,602.0,990.0,1756.0
07/05/2023 0:00,SE500G24P,50,154,204,1000,1046.834,860.0,1815.0
08/05/2023 0:00,SOS001L12P,142,213,861,10731,9758.667029,9073.667,11988.0
08/05/2023 0:00,AT5X5K,43,121,168,2500,1927.0,1601.0,3157.0
08/05/2023 0:00,ATN02K12P,31,93,125,1000,1003.0,1550.0,1571.0
08/05/2023 0:00,ATN01K24P,75,219,716,6000,5658.0,3995.0,8695.0
09/05/2023 0:00,POV001L24P,92,153,222,1000,3063.0,3376.0,1223.0
09/05/2023 0:00,POV500M24P,74,122,152,71,1640.0,1877.0,674.0
09/05/2023 0:00,POP002L09P,53,88,84,13,165.0,560.0,72.0
09/05/2023 0:00,ATN01K24P,75,219,716,7000,5534.917,4977.0,7752.0
09/05/2023 0:00,MAR02K12P,8,22,42,100,110.0,200.0,305.0
10/05/2023 0:00,POV005L04P,38,66,64,294,715.0,765.0,350.0
10/05/2023 0:00,POV001L24P,92,153,222,400,2717.0,3018.0,1103.0
10/05/2023 0:00,MAR02K12P,8,22,42,200,318.995,0.0,601.0
11/05/2023 0:00,SOS500M24P,119,184,568,2005,3766.0,3736.0,2777.0
11/05/2023 0:00,MAR01K24P,51,148,309,700,905.0,1292.0,800.0
11/05/2023 0:00,SE200G24P,17,37,29,8,81.0,90.0,55.0
14/05/2023 0:00,SOS005L04P,153,226,957,5001,4825.5,4694.0,10448.0
14/05/2023 0:00,SOS003L04P,91,146,375,1201,669.0,715.0,1623.0
14/05/2023 0:00,SOS002L09P,126,195,896,21,3672.0,7309.0,5805.778019
14/05/2023 0:00,POV500M24P,74,122,152,1000,750.0,1485.0,1707.0
14/05/2023 0:00,AT5X5K,43,121,168,1000,818.0,662.0,1803.0
14/05/2023 0:00,ATN02K12P,31,93,125,500,939.167,497.0,916.25
14/05/2023 0:00,SE500G24P,50,154,204,500,547.0,575.0,828.0
15/05/2023 0:00,SOS500M24P,119,184,568,1000,2837.458967,2604.0,2135.0
16/05/2023 0:00,POV001L24P,92,153,222,1000,2649.0,2803.0,1621.0
16/05/2023 0:00,POV500M24P,74,122,152,26,1576.0,1595.0,769.0
16/05/2023 0:00,AT5X5K,43,121,168,1000,875.0,860.0,1186.0
16/05/2023 0:00,ATN02K12P,31,93,125,500,862.0,460.0,616.0
16/05/2023 0:00,MAR01K24P,51,148,309,500,496.0,510.0,733.0
16/05/2023 0:00,SE500G24P,50,154,204,500,779.084,510.0,587.0
17/05/2023 0:00,AT5X5K,43,121,168,500,1505.0,1680.0,887.2
17/05/2023 0:00,ATN01K24P,75,219,716,3000,3475.75,4501.0,4226.708
17/05/2023 0:00,MAR01K24P,51,148,309,300,526.0,679.0,509.917
17/05/2023 0:00,MASR025K,14,28,24,100,16.0,50.0,240.0
18/05/2023 0:00,SOS500M24P,119,184,568,1520,1459.0,1710.0,2014.0
18/05/2023 0:00,POV002L09P,61,103,153,718,520.0,510.0,741.0
18/05/2023 0:00,POP500M24P,83,142,114,306,339.0,70.0,310.0
18/05/2023 0:00,AT5X5K,43,121,168,500,777.2,610.0,1107.0
18/05/2023 0:00,ATN02K12P,31,93,125,1000,679.167,370.0,1093.0
18/05/2023 0:00,ATN01K24P,75,219,716,3000,3409.167,4670.0,4984.0
18/05/2023 0:00,MAR01K24P,51,148,309,800,425.292,1015.0,1072.0
18/05/2023 0:00,SE200G24P,17,37,29,10,25.0,40.0,41.0
21/05/2023 0:00,POV001L24P,92,153,222,1514,1268.0,1910.0,2228.0
21/05/2023 0:00,AT5X5K,43,121,168,300,183.0,105.0,673.0
21/05/2023 0:00,ATN02K12P,31,93,125,200,500.0,750.0,727.0
21/05/2023 0:00,ATN01K24P,75,219,716,2500,968.541,1350.0,3416.0
21/05/2023 0:00,MAR01K24P,51,148,309,500,273.625,145.0,673.0
21/05/2023 0:00,SE500G24P,50,154,204,500,367.25,160.0,928.0
22/05/2023 0:00,AT5X5K,43,121,168,200,505.0,400.0,826.0
22/05/2023 0:00,ATN02K12P,31,93,125,100,636.0,60.0,1641.0
22/05/2023 0:00,ATN01K24P,75,219,716,2000,2352.0,902.0,4082.167
22/05/2023 0:00,MAR01K24P,51,148,309,200,388.0,570.0,857.167
22/05/2023 0:00,SE500G24P,50,154,204,200,507.916,75.0,686.0
23/05/2023 0:00,ATN02K12P,31,93,125,500,1325.0,535.0,679.0
23/05/2023 0:00,MAR01K24P,51,148,309,300,842.167,1440.0,443.0
23/05/2023 0:00,SE500G24P,50,154,204,300,517.0,1035.0,334.0
25/05/2023 0:00,SOS001L12P,142,213,861,4000,3341.0,2408.0,4290.0
25/05/2023 0:00,POP002L09P,53,88,84,12,260.0,59.0,195.0
25/05/2023 0:00,AT5X5K,43,121,168,300,235.0,400.0,1005.0
25/05/2023 0:00,ATN01K24P,75,219,716,1000,2186.0,2442.0,1377.0
27/05/2023 0:00,POV500M24P,74,122,152,136,377.0,1300.0,156.0
27/05/2023 0:00,ATN02K12P,31,93,125,500,597.0,345.0,1200.0
28/05/2023 0:00,SOS005L04P,153,226,957,3243,2085.0,945.0,4496.0
28/05/2023 0:00,SOS002L09P,126,195,896,1501,1381.0,310.0,3596.0
28/05/2023 0:00,SOS001L12P,142,213,861,4000,1982.0,730.0,5528.0
28/05/2023 0:00,SOS500M24P,119,184,568,2005,987.0,600.0,3656.0
28/05/2023 0:00,POV002L09P,61,103,153,402,303.0,250.0,931.0
28/05/2023 0:00,POV001L24P,92,153,222,507,962.0,380.0,2558.0
28/05/2023 0:00,POV500M24P,74,122,152,430,621.0,435.0,1578.0
28/05/2023 0:00,POP002L09P,53,88,84,101,45.0,150.0,118.0
28/05/2023 0:00,AT5X5K,43,121,168,700,230.0,0.0,754.0
28/05/2023 0:00,ATN01K24P,75,219,716,2000,1248.0,95.0,3526.0
28/05/2023 0:00,MAR01K24P,51,148,309,500,206.0,5.0,791.0
28/05/2023 0:00,SE500G24P,50,154,204,400,363.0,80.0,857.0
29/05/2023 0:00,SOS002L09P,126,195,896,2016,3473.0,1373.0,3388.880012
29/05/2023 0:00,SOS001L12P,142,213,861,5005,5190.75,4642.0,5958.0
29/05/2023 0:00,SOS500M24P,119,184,568,2011,3743.0,2915.0,2645.0
29/05/2023 0:00,POV001L24P,92,153,222,501,2187.0,2405.0,1091.0
29/05/2023 0:00,POV500M24P,74,122,152,710,1790.0,1664.0,1311.0
29/05/2023 0:00,POP500M24P,83,142,114,305,251.0,810.0,474.0
29/05/2023 0:00,ATN01K24P,75,219,716,2500,2326.25,2225.0,2689.0
29/05/2023 0:00,MAR01K24P,51,148,309,300,503.0,265.0,765.0
29/05/2023 0:00,SE500G24P,50,154,204,300,781.0,560.0,760.0
30/05/2023 0:00,SOS002L09P,126,195,896,1023,2388.880012,892.0,2144.0
30/05/2023 0:00,SOS001L12P,142,213,861,3007,4642.0,3745.0,3845.0
30/05/2023 0:00,POV002L09P,61,103,153,310,375.0,220.0,319.0
30/05/2023 0:00,POP002L09P,53,88,84,101,212.0,145.0,210.0
30/05/2023 0:00,POP500M24P,83,142,114,205,403.0,400.0,391.0
30/05/2023 0:00,MAR02K12P,8,22,42,3,179.166,200.0,16.0
30/05/2023 0:00,SE500G24P,50,154,204,300,654.0,680.0,565.0
31/05/2023 0:00,SOS500M24P,119,184,568,1005,2164.0,2050.0,1908.0
31/05/2023 0:00,ATN02K12P,31,93,125,200,566.0,310.0,291.117
01/06/2023 0:00,SOS005L04P,153,226,957,3005,1758.0,1115.0,4591.0
01/06/2023 0:00,SOS001L12P,142,213,861,3000,3855.0,4280.0,5816.0
01/06/2023 0:00,SOS500M24P,119,184,568,2000,1634.0,830.0,2405.0
01/06/2023 0:00,AT5X5K,43,121,168,58,120.0,170.0,240.0
01/06/2023 0:00,ATN01K24P,75,219,716,533,427.0,630.0,1621.0
01/06/2023 0:00,SE500G24P,50,154,204,5,154.0,50.0,403.0
04/06/2023 0:00,SOS005L04P,153,226,957,1509,2435.0,2624.0,11321.0
04/06/2023 0:00,SOS001L12P,142,213,861,3007,1451.0,2557.0,12411.0
04/06/2023 0:00,SOS500M24P,119,184,568,1500,802.0,505.0,4843.0
04/06/2023 0:00,SOP001L12P,16,31,27,200,75.0,70.0,380.0
04/06/2023 0:00,POV005L04P,38,66,64,306,40.0,100.0,443.0
04/06/2023 0:00,POV001L24P,92,153,222,701,312.0,890.0,2163.0
04/06/2023 0:00,POV500M24P,74,122,152,506,195.0,820.0,1392.0
04/06/2023 0:00,POP002L09P,53,88,84,4,19.0,4.0,335.0
04/06/2023 0:00,AT5X5K,43,121,168,500,180.0,103.0,516.0
04/06/2023 0:00,ATN02K12P,31,93,125,500,84.0,380.0,1163.0
04/06/2023 0:00,ATN01K24P,75,219,716,1000,955.0,1325.0,2831.0
04/06/2023 0:00,MAR01K24P,51,148,309,505,547.0,575.0,989.0
04/06/2023 0:00,MASR025K,14,28,24,100,120.0,270.0,180.0
04/06/2023 0:00,SE500G24P,50,154,204,305,174.0,340.0,1395.0
05/06/2023 0:00,SOS005L04P,153,226,957,2001,7499.0,4895.0,10028.0
05/06/2023 0:00,SOS001L12P,142,213,861,3000,8744.0,3657.0,9837.0
05/06/2023 0:00,SOS500M24P,119,184,568,1898,3044.0,1170.0,4236.0
05/06/2023 0:00,POV005L04P,38,66,64,103,367.0,200.0,192.0
05/06/2023 0:00,POV002L09P,61,103,153,4,268.0,28.0,623.0
05/06/2023 0:00,POV001L24P,92,153,222,300,1446.0,765.0,1779.0
05/06/2023 0:00,ATN02K12P,31,93,125,500,233.0,340.0,941.0
05/06/2023 0:00,ATN01K24P,75,219,716,1500,1914.333,1045.0,2343.333
05/06/2023 0:00,MAR02K12P,8,22,42,100,113.0,250.0,157.0
05/06/2023 0:00,MAR01K24P,51,148,309,505,623.0,373.0,708.0
05/06/2023 0:00,SE500G24P,50,154,204,400,445.833,340.0,1031.0
06/06/2023 0:00,SOS005L04P,153,226,957,5000,6876.0,3844.0,8442.0
06/06/2023 0:00,SOS001L12P,142,213,861,5504,7736.0,3919.0,6313.0
06/06/2023 0:00,SOS500M24P,119,184,568,1500,1727.0,2282.0,2895.0
06/06/2023 0:00,POV001L24P,92,153,222,702,1634.0,974.0,911.0
06/06/2023 0:00,POV500M24P,74,122,152,700,987.0,689.0,1026.0
06/06/2023 0:00,POP500M24P,83,142,114,200,172.0,460.0,322.0
06/06/2023 0:00,ATN02K12P,31,93,125,1000,748.0,88.0,1088.0
06/06/2023 0:00,ATN01K24P,75,219,716,1000,1793.0,1505.0,2041.0
06/06/2023 0:00,MAR01K24P,51,148,309,200,464.0,720.0,208.0
06/06/2023 0:00,MASR025K,14,28,24,135,10.0,155.0,445.0
07/06/2023 0:00,SOS005L04P,153,226,957,3006,6627.5,0.0,5303.0
07/06/2023 0:00,SOS500M24P,119,184,568,1201,2767.0,0.0,2077.0
07/06/2023 0:00,POV001L24P,92,153,222,451,1130.0,0.0,777.0
07/06/2023 0:00,POV500M24P,74,122,152,401,720.0,0.0,759.0
07/06/2023 0:00,ATN02K12P,31,93,125,500,980.0,0.0,753.0
07/06/2023 0:00,ATN01K24P,75,219,716,1000,2331.087,0.0,2211.0
07/06/2023 0:00,SE500G24P,50,154,204,500,581.08,0.0,562.0
08/06/2023 0:00,SOS500M24P,119,184,568,2001,2246.0,0.0,2397.0
08/06/2023 0:00,POV001L24P,92,153,222,1101,597.0,0.0,1186.0
08/06/2023 0:00,ATN01K24P,75,219,716,1000,2446.0,0.0,3127.5
08/06/2023 0:00,SE500G24P,50,154,204,700,774.0,0.0,749.0
10/06/2023 0:00,SOS005L04P,153,226,957,3056,4803.0,1898.0,3654.0
10/06/2023 0:00,MASR025K,14,28,24,108,64.0,0.0,220.0
11/06/2023 0:00,POV001L24P,92,153,222,504,896.0,799.0,2090.0
11/06/2023 0:00,POV500M24P,74,122,152,1450,843.0,424.0,1538.0
11/06/2023 0:00,POP500M24P,83,142,114,103,340.0,223.0,526.0
11/06/2023 0:00,ATN02K12P,31,93,125,300,464.7,780.0,531.0
11/06/2023 0:00,ATN01K24P,75,219,716,2000,1584.295,1900.0,3391.625
11/06/2023 0:00,MAR01K24P,51,148,309,300,572.42,640.0,1093.0
11/06/2023 0:00,MASR025K,14,28,24,100,180.0,0.0,100.0
11/06/2023 0:00,SE500G24P,50,154,204,500,387.0,570.0,728.0
12/06/2023 0:00,SOS002L09P,126,195,896,2007,5184.0,2434.0,7745.0
12/06/2023 0:00,SOS500M24P,119,184,568,200,1386.539946,796.0,5576.0
12/06/2023 0:00,POV001L24P,92,153,222,1502,1276.0,857.0,2521.0
12/06/2023 0:00,ATN02K12P,31,93,125,500,785.0,490.0,979.0
12/06/2023 0:00,MAR01K24P,51,148,309,700,811.0,600.0,781.0
12/06/2023 0:00,SE200G24P,17,37,29,1,70.0,45.0,15.0
13/06/2023 0:00,SOS002L09P,126,195,896,3501,5716.0,3056.0,6025.0
13/06/2023 0:00,POV001L24P,92,153,222,1512,1708.0,1830.0,1743.0
13/06/2023 0:00,POPF01L12P,23,36,36,100,80.0,0.0,219.0
13/06/2023 0:00,ATN02K12P,31,93,125,300,288.0,580.0,534.0833333
13/06/2023 0:00,ATN01K24P,75,219,716,1500,2972.75,2368.0,1570.125
13/06/2023 0:00,MAR01K24P,51,148,309,500,850.0,930.0,584.0
13/06/2023 0:00,MASR025K,14,28,24,305,51.0,300.0,360.0
13/06/2023 0:00,MAHS025K,6,19,10,10,0.0,10.0,20.0
13/06/2023 0:00,SE500G24P,50,154,204,500,320.167,910.0,618.0
14/06/2023 0:00,SOS002L09P,126,195,896,4099,3613.776993,2196.0,4165.332971
14/06/2023 0:00,MASR025K,14,28,24,6,115.0,0.0,75.0
15/06/2023 0:00,SOS002L09P,126,195,896,4097,3177.0,4066.0,6941.0
15/06/2023 0:00,POP005L04P,37,64,42,200,112.0,150.0,333.0
15/06/2023 0:00,POP500M24P,83,142,114,501,377.0,170.0,1164.0
15/06/2023 0:00,ATN02K12P,31,93,125,1000,423.083,705.0,2943.25
15/06/2023 0:00,ATN01K24P,75,219,716,2000,1321.667,1500.0,6929.125
15/06/2023 0:00,MAR02K12P,8,22,42,200,85.917,300.0,688.0
15/06/2023 0:00,MAR01K24P,51,148,309,700,590.667,840.0,1453.0
15/06/2023 0:00,MAHS025K,6,19,10,38,10.0,0.0,45.0
15/06/2023 0:00,SE500G24P,50,154,204,700,373.333,450.0,1066.0
17/06/2023 0:00,ATN02K12P,31,93,125,500,797.0,585.0,910.0
18/06/2023 0:00,SOS005L04P,153,226,957,10009,4829.0,4818.0,11706.0
18/06/2023 0:00,SOS002L09P,126,195,896,2074,2374.0,5020.0,8282.0
18/06/2023 0:00,SOS001L12P,142,213,861,11503,5827.0,6647.0,14103.0
18/06/2023 0:00,POV002L09P,61,103,153,1002,144.0,0.0,1563.0
18/06/2023 0:00,POV001L24P,92,153,222,2507,855.0,1893.0,4125.0
18/06/2023 0:00,POV500M24P,74,122,152,1004,923.0,1970.0,2367.0
18/06/2023 0:00,POP001L12P,99,160,193,204,550.0,940.0,2090.0
18/06/2023 0:00,POP500M24P,83,142,114,1000,148.0,763.0,1015.0
18/06/2023 0:00,AT5X5K,43,121,168,200,220.0,134.0,823.0
18/06/2023 0:00,ATN02K12P,31,93,125,500,421.0,775.0,1078.0
18/06/2023 0:00,ATN01K24P,75,219,716,2000,1940.625,2470.0,6688.833333
18/06/2023 0:00,MAR01K24P,51,148,309,300,597.0,660.0,2003.0
18/06/2023 0:00,SE500G24P,50,154,204,200,400.833,790.0,1477.0
19/06/2023 0:00,SOS005L04P,153,226,957,7928,6564.0,5077.0,10878.5
19/06/2023 0:00,SOS002L09P,126,195,896,2543,4739.444988,3035.0,6655.0
19/06/2023 0:00,POV002L09P,61,103,153,511,510.0,780.0,1100.0
19/06/2023 0:00,POV001L24P,92,153,222,2000,2134.0,2300.0,3128.0
19/06/2023 0:00,POP001L12P,99,160,193,500,1620.0,1310.0,1048.0
19/06/2023 0:00,AT5X5K,43,121,168,480,721.8,390.0,1062.0
19/06/2023 0:00,ATN01K24P,75,219,716,3500,4533.083333,2261.0,6026.046667
19/06/2023 0:00,MAR01K24P,51,148,309,1000,1579.0,1022.0,1646.33
19/06/2023 0:00,SE500G24P,50,154,204,700,820.0,500.0,1029.0
20/06/2023 0:00,SOS005L04P,153,226,957,6439,8589.0,8151.0,9150.0
20/06/2023 0:00,SOS002L09P,126,195,896,2447,2279.0,1015.0,6443.0
20/06/2023 0:00,SOS001L12P,142,213,861,4784,7336.416033,12147.0,8946.0
20/06/2023 0:00,SOS500M24P,119,184,568,1700,3730.875,4066.875,3559.0
20/06/2023 0:00,AT5X5K,43,121,168,700,766.0,590.0,700.0
20/06/2023 0:00,ATN01K24P,75,219,716,3500,5261.75,3661.0,4839.291667
20/06/2023 0:00,MAR01K24P,51,148,309,1200,1473.0,613.0,1583.0
20/06/2023 0:00,MASR025K,14,28,24,150,228.0,15.0,207.0
21/06/2023 0:00,SOS002L09P,126,195,896,3000,2462.0,1892.0,4123.0
21/06/2023 0:00,SOS500M24P,119,184,568,2378,3035.0,5144.0,2588.0
21/06/2023 0:00,POV500M24P,74,122,152,1500,1639.0,1549.0,1575.0
21/06/2023 0:00,POP500M24P,83,142,114,501,579.0,535.0,705.0
21/06/2023 0:00,AT5X5K,43,121,168,700,758.0,852.0,725.0
21/06/2023 0:00,SE200G24P,17,37,29,1,28.0,17.0,62.0
22/06/2023 0:00,SOS005L04P,153,226,957,15000,8282.0,9295.0,16638.0
22/06/2023 0:00,SOS002L09P,126,195,896,3028,3136.0,2945.0,6102.0
22/06/2023 0:00,SOS001L12P,142,213,861,10000,10146.08397,14344.0,13760.0
22/06/2023 0:00,SOS500M24P,119,184,568,2500,4240.0,4913.0,6260.0
22/06/2023 0:00,POV002L09P,61,103,153,506,777.0,589.0,1224.0
22/06/2023 0:00,POV500M24P,74,122,152,2200,1703.0,1506.0,3616.0
22/06/2023 0:00,POP001L12P,99,160,193,506,1070.0,1000.0,1389.0
22/06/2023 0:00,POP500M24P,83,142,114,301,731.0,717.0,909.0
22/06/2023 0:00,AT5X5K,43,121,168,500,732.0,1140.0,998.0
22/06/2023 0:00,ATN02K12P,31,93,125,500,601.0,390.0,929.25
22/06/2023 0:00,ATN01K24P,75,219,716,4500,3370.133333,5150.0,5640.546667
22/06/2023 0:00,MAR01K24P,51,148,309,2000,375.0,1490.0,2059.38
22/06/2023 0:00,MAHS025K,6,19,10,50,59.0,20.0,61.0
22/06/2023 0:00,SE500G24P,50,154,204,800,931.0,1035.0,1656.0
25/06/2023 0:00,SOS005L04P,153,226,957,8503,7865.0,12097.0,15577.0
25/06/2023 0:00,POV001L24P,92,153,222,2501,2709.0,3100.0,4276.0
25/06/2023 0:00,POV500M24P,74,122,152,2011,1322.0,1905.0,2365.0
25/06/2023 0:00,POP001L12P,99,160,193,500,564.1660256,630.0,1077.0
25/06/2023 0:00,AT5X5K,43,121,168,700,254.0,380.0,716.0
25/06/2023 0:00,ATN01K24P,75,219,716,3000,2027.958667,2900.0,6455.291667
25/06/2023 0:00,MAR01K24P,51,148,309,300,1467.167,1425.0,2394.0
25/06/2023 0:00,SE500G24P,50,154,204,300,505.0,675.0,1361.0
26/06/2023 0:00,POP001L12P,99,160,193,400,785.0,880.0,780.0
27/06/2023 0:00,ATN01K24P,75,219,716,1000,2248.0,0.0,1308.15
02/07/2023 0:00,SOS008L02P,52,92,78,100,302.0,0.0,370.0
03/07/2023 0:00,POV005L04P,38,66,64,1,107.0,229.0,335.0
03/07/2023 0:00,AT5X5K,43,121,168,400,282.0,160.0,1531.0
03/07/2023 0:00,ATN01K24P,75,219,716,3000,2123.875,1100.0,4813.875
03/07/2023 0:00,MAR01K24P,51,148,309,1000,576.0,175.0,1521.0
04/07/2023 0:00,POV001L24P,92,153,222,1200,1405.0,1150.0,2528.0
04/07/2023 0:00,POV500M24P,74,122,152,400,1036.0,900.0,1267.0
04/07/2023 0:00,POP002L09P,53,88,84,252,305.0,297.0,405.0
04/07/2023 0:00,POP500M24P,83,142,114,300,735.0,328.0,614.0
04/07/2023 0:00,AT5X5K,43,121,168,800,1429.0,1500.0,928.0
04/07/2023 0:00,ATN02K12P,31,93,125,600,637.0,100.0,604.0
04/07/2023 0:00,ATN01K24P,75,219,716,3500,3690.125,3468.0,4835.375
04/07/2023 0:00,MASR025K,14,28,24,29,12.0,0.0,65.0
04/07/2023 0:00,SE500G24P,50,154,204,500,369.0,980.0,951.0
05/07/2023 0:00,SOS005L04P,153,226,957,2502,4902.0,3211.0,5700.5
05/07/2023 0:00,SOS002L09P,126,195,896,3000,6237.998973,3721.0,5541.109964
05/07/2023 0:00,SOP001L12P,16,31,27,220,50.0,50.0,346.5
05/07/2023 0:00,POV005L04P,38,66,64,150,450.0,345.0,237.0
05/07/2023 0:00,POV002L09P,61,103,153,500,1147.110012,475.0,1055.0
05/07/2023 0:00,POV001L24P,92,153,222,1510,2330.0,1100.0,2055.0
05/07/2023 0:00,POV500M24P,74,122,152,601,1248.0,477.0,1033.0
05/07/2023 0:00,POP002L09P,53,88,84,200,473.0,195.0,527.0
05/07/2023 0:00,POP500M24P,83,142,114,100,380.0,270.0,592.0
05/07/2023 0:00,POPF01L12P,23,36,36,102,14.0,0.0,120.0
05/07/2023 0:00,ATN01K24P,75,219,716,4000,4712.041667,5885.0,4577.458
06/07/2023 0:00,SOS005L04P,153,226,957,6500,6943.5,5887.0,9994.0
06/07/2023 0:00,SOS002L09P,126,195,896,3000,6046.332971,5630.0,8372.0
06/07/2023 0:00,SOS001L12P,142,213,861,4000,6340.25,3787.0,8687.0
06/07/2023 0:00,SOS500M24P,119,184,568,1200,2296.0,1177.0,3326.0
06/07/2023 0:00,POV005L04P,38,66,64,200,155.0,90.0,855.0
06/07/2023 0:00,POV002L09P,61,103,153,801,535.0,412.0,1764.0
06/07/2023 0:00,POV001L24P,92,153,222,1201,1667.0,1275.0,3341.0
06/07/2023 0:00,POV500M24P,74,122,152,10,676.0,347.0,2615.0
06/07/2023 0:00,POP001L12P,99,160,193,54,630.0,795.0,673.0
06/07/2023 0:00,POP002L09P,53,88,84,201,332.0,165.0,225.0
06/07/2023 0:00,POPF01L12P,23,36,36,105,126.0,150.0,120.0
06/07/2023 0:00,ATN01K24P,75,219,716,4500,3907.874667,3851.0,6287.0
06/07/2023 0:00,SE500G24P,50,154,204,1000,879.333,365.0,1223.0
08/07/2023 0:00,MASR025K,14,28,24,100,26.0,25.0,238.0
09/07/2023 0:00,SOS005L04P,153,226,957,4503,5302.0,5588.0,10717.25
09/07/2023 0:00,SOS002L09P,126,195,896,3004,4171.0,4369.0,8778.0
09/07/2023 0:00,SOS001L12P,142,213,861,3523,4010.0,4558.0,14251.65996
09/07/2023 0:00,SOS500M24P,119,184,568,1506,2024.082971,1605.0,4971.0
09/07/2023 0:00,POV002L09P,61,103,153,806,250.0,470.0,1215.0
09/07/2023 0:00,POV001L24P,92,153,222,2004,2273.0,4803.0,4290.0
09/07/2023 0:00,POV500M24P,74,122,152,1500,1820.0,3520.0,2213.0
09/07/2023 0:00,POP002L09P,53,88,84,201,177.0,240.0,511.0
09/07/2023 0:00,POP500M24P,83,142,114,502,507.0,1215.0,735.0
09/07/2023 0:00,ATN01K24P,75,219,716,5000,3544.295,7800.0,8819.417
09/07/2023 0:00,MAR01K24P,51,148,309,830,1160.08,2013.0,1607.417
09/07/2023 0:00,SE500G24P,50,154,204,500,914.0,1390.0,1675.0
10/07/2023 0:00,SOS002L09P,126,195,896,3001,4629.221014,2751.0,5537.0
10/07/2023 0:00,SOP001L12P,16,31,27,100,39.67001812,0.0,159.0
10/07/2023 0:00,POV002L09P,61,103,153,801,530.0,680.0,952.0
10/07/2023 0:00,POV001L24P,92,153,222,2005,3316.0,3570.0,2360.0
10/07/2023 0:00,POP002L09P,53,88,84,200,20.0,40.0,310.0
10/07/2023 0:00,AT5X5K,43,121,168,1000,1415.4,1258.0,1189.0
10/07/2023 0:00,MASR025K,14,28,24,100,40.0,175.0,315.0
11/07/2023 0:00,SOS002L09P,126,195,896,3008,4835.223007,4603.0,4001.0
11/07/2023 0:00,SOP001L12P,16,31,27,106,4.0,0.0,338.0
11/07/2023 0:00,POP002L09P,53,88,84,201,131.0,272.0,266.0
11/07/2023 0:00,POP500M24P,83,142,114,203,597.0,552.0,511.0
12/07/2023 0:00,SOS005L04P,153,226,957,7502,6053.0,3715.0,9233.0
12/07/2023 0:00,SOS002L09P,126,195,896,3010,3549.0,2603.0,5060.0
12/07/2023 0:00,SE500G24P,50,154,204,600,635.0,880.0,705.0
13/07/2023 0:00,POV002L09P,61,103,153,803,200.0,170.0,850.0
13/07/2023 0:00,POV500M24P,74,122,152,801,658.0,200.0,1206.0
13/07/2023 0:00,POP001L12P,99,160,193,709,1878.0,1608.0,735.0
13/07/2023 0:00,POP002L09P,53,88,84,201,109.0,84.0,235.0
13/07/2023 0:00,POP500M24P,83,142,114,202,306.0,80.0,363.0
13/07/2023 0:00,AT5X5K,43,121,168,800,512.0,310.0,1044.0
13/07/2023 0:00,ATN02K12P,31,93,125,500,1069.833333,1450.0,822.0
13/07/2023 0:00,MAR01K24P,51,148,309,300,646.75,588.0,872.0
13/07/2023 0:00,MASR025K,14,28,24,100,12.0,80.0,252.0
13/07/2023 0:00,SE500G24P,50,154,204,500,702.0,727.0,1367.0
13/07/2023 0:00,SE200G24P,17,37,29,1,95.0,87.0,82.0
15/07/2023 0:00,SOS005L04P,153,226,957,3061,5254.0,4380.0,3661.0
15/07/2023 0:00,MAR02K12P,8,22,42,101,155.0,120.0,127.583
16/07/2023 0:00,SOS005L04P,153,226,957,3004,4511.0,5150.0,8727.0
16/07/2023 0:00,SOS003L04P,91,146,375,1012,407.0,445.0,1613.0
16/07/2023 0:00,SOS002L09P,126,195,896,3005,3753.444022,4020.0,6870.0
16/07/2023 0:00,SOS001L12P,142,213,861,3003,3523.083967,3515.0,8652.0
16/07/2023 0:00,POV001L24P,92,153,222,1526,1071.0,2012.0,2636.0
16/07/2023 0:00,AT5X5K,43,121,168,350,462.4,120.0,852.0
16/07/2023 0:00,ATN02K12P,31,93,125,700,525.25,377.0,1165.083333
16/07/2023 0:00,ATN01K24P,75,219,716,1500,2817.083667,2270.0,7324.0
16/07/2023 0:00,MAR01K24P,51,148,309,200,409.417,62.0,1110.0
16/07/2023 0:00,MASR025K,14,28,24,19,193.0,0.0,145.0
16/07/2023 0:00,MAHS025K,6,19,10,2,57.0,0.0,35.0
16/07/2023 0:00,SE500G24P,50,154,204,500,455.083,92.0,1043.0
17/07/2023 0:00,POP500M24P,83,142,114,302,336.0,310.0,360.0
17/07/2023 0:00,ATN01K24P,75,219,716,4500,4618.5,3286.0,4766.92
17/07/2023 0:00,SE500G24P,50,154,204,700,364.0,815.0,1198.17
18/07/2023 0:00,SOS005L04P,153,226,957,3000,6063.0,5212.0,4367.75
18/07/2023 0:00,SOS001L12P,142,213,861,3004,5000.0,4330.0,5216.0
18/07/2023 0:00,AT5X5K,43,121,168,500,600.0,560.0,757.0
18/07/2023 0:00,ATN02K12P,31,93,125,500,235.0,1995.0,998.75
18/07/2023 0:00,ATN01K24P,75,219,716,4000,5005.999958,4960.0,5457.125
18/07/2023 0:00,MAR01K24P,51,148,309,700,790.0,960.0,1373.0
18/07/2023 0:00,MAHS025K,6,19,10,60,0.0,0.0,105.0
18/07/2023 0:00,SE500G24P,50,154,204,700,1042.0,1300.0,829.0
19/07/2023 0:00,SOS005L04P,153,226,957,4020,4535.0,5478.0,6387.0
19/07/2023 0:00,SOS001L12P,142,213,861,3052,5154.0,5706.0,6352.0
19/07/2023 0:00,SOS500M24P,119,184,568,2003,1624.0,2376.0,2852.0
19/07/2023 0:00,POV005L04P,38,66,64,200,324.0,305.0,221.0
19/07/2023 0:00,POV001L24P,92,153,222,1015,1088.0,1225.0,2062.0
19/07/2023 0:00,POV500M24P,74,122,152,1008,659.0,650.0,1305.0
19/07/2023 0:00,POP001L12P,99,160,193,800,795.0,1075.0,3260.0
19/07/2023 0:00,AT5X5K,43,121,168,500,337.0,360.0,1382.0
19/07/2023 0:00,ATN02K12P,31,93,125,300,1336.333333,404.0,731.6666667
19/07/2023 0:00,ATN01K24P,75,219,716,4500,4898.25,4317.0,5481.5
19/07/2023 0:00,MASR025K,14,28,24,100,35.0,100.0,140.0
20/07/2023 0:00,SOS005L04P,153,226,957,6003,6489.0,7421.0,7699.0
20/07/2023 0:00,SOS001L12P,142,213,861,4005,6656.0,7305.0,7667.0
20/07/2023 0:00,SOP001L12P,16,31,27,103,20.0,0.0,106.0
20/07/2023 0:00,POV005L04P,38,66,64,306,396.0,176.0,417.0
20/07/2023 0:00,POV002L09P,61,103,153,1359,1023.0,1135.0,1642.0
20/07/2023 0:00,POV001L24P,92,153,222,505,1964.0,2247.0,2572.0
20/07/2023 0:00,POV500M24P,74,122,152,1007,949.0,1152.0,1317.0
20/07/2023 0:00,AT5X5K,43,121,168,500,1223.0,1270.0,1030.0
20/07/2023 0:00,ATN01K24P,75,219,716,4500,5155.625,4742.0,7009.291667
22/07/2023 0:00,ATN02K12P,31,93,125,477,658.0,95.0,498.0
23/07/2023 0:00,SOS005L04P,153,226,957,2500,2615.0,3000.0,6184.0
23/07/2023 0:00,SOS001L12P,142,213,861,3004,3159.416033,5181.0,8816.829982
23/07/2023 0:00,SOS500M24P,119,184,568,1003,945.0,1195.0,4241.0
23/07/2023 0:00,SOP001L12P,16,31,27,100,51.0,0.0,220.0
23/07/2023 0:00,POV005L04P,38,66,64,103,115.0,180.0,278.0
23/07/2023 0:00,POV002L09P,61,103,153,1000,840.0,1270.0,1380.0
23/07/2023 0:00,POV001L24P,92,153,222,504,612.0,940.0,4395.0
23/07/2023 0:00,POV500M24P,74,122,152,303,465.0,610.0,2380.0
23/07/2023 0:00,POP001L12P,99,160,193,986,1354.0,1245.0,1324.0
23/07/2023 0:00,POP002L09P,53,88,84,304,327.0,428.0,378.0
23/07/2023 0:00,POP500M24P,83,142,114,102,429.0,184.0,848.0
23/07/2023 0:00,POPF01L12P,23,36,36,100,225.0,62.0,272.0
23/07/2023 0:00,AT5X5K,43,121,168,500,727.0,680.0,2041.0
23/07/2023 0:00,ATN01K24P,75,219,716,3500,3400.375,2600.0,7209.041667
23/07/2023 0:00,MAR01K24P,51,148,309,300,475.0,1356.0,793.0
23/07/2023 0:00,MASR025K,14,28,24,14,160.0,220.0,365.0
23/07/2023 0:00,SE500G24P,50,154,204,300,598.0,350.0,1200.0
24/07/2023 0:00,SOS005L04P,153,226,957,4004,5166.75,4960.0,5065.0
24/07/2023 0:00,SOS001L12P,142,213,861,4011,6478.829982,7469.0,5584.0
24/07/2023 0:00,SOS500M24P,119,184,568,2002,3265.0,2702.0,2326.0
24/07/2023 0:00,POV005L04P,38,66,64,103,213.0,208.0,225.0
24/07/2023 0:00,AT5X5K,43,121,168,1000,1164.0,1383.0,2937.0
24/07/2023 0:00,ATN01K24P,75,219,716,5000,4744.871667,5702.0,10994.95833
24/07/2023 0:00,MAR01K24P,51,148,309,1000,529.0,1042.0,1416.0
24/07/2023 0:00,SE500G24P,50,154,204,700,772.0,1550.0,766.0
25/07/2023 0:00,SOS001L12P,142,213,861,5950,5485.0,7595.0,6590.0
25/07/2023 0:00,POV002L09P,61,103,153,202,1018.0,816.0,270.0
25/07/2023 0:00,POV001L24P,92,153,222,1020,1655.0,3020.0,1442.0
25/07/2023 0:00,POV500M24P,74,122,152,502,739.0,1940.0,1060.0
25/07/2023 0:00,AT5X5K,43,121,168,1500,1906.0,1641.0,1560.0
26/07/2023 0:00,SOS005L04P,153,226,957,4007,3183.0,4270.0,7472.0
26/07/2023 0:00,SOS003L04P,91,146,375,1006,579.0,530.0,1562.0
26/07/2023 0:00,SOS002L09P,126,195,896,3013,2847.669988,4970.0,5977.0
26/07/2023 0:00,SOS001L12P,142,213,861,5085,4242.0,5160.0,6705.0
26/07/2023 0:00,SOS500M24P,119,184,568,1643,2269.0,1545.0,2448.0
26/07/2023 0:00,POV002L09P,61,103,153,1014,612.0,584.0,1212.0
26/07/2023 0:00,POV001L24P,92,153,222,3202,1715.0,1156.0,3440.0
26/07/2023 0:00,MASR025K,14,28,24,82,170.0,335.0,155.0
27/07/2023 0:00,SOS005L04P,153,226,957,9501,7032.0,5541.0,10390.0
27/07/2023 0:00,SOS002L09P,126,195,896,8002,5700.0,5920.0,8547.0
27/07/2023 0:00,SOS001L12P,142,213,861,10005,9003.0,8882.0,15068.0
27/07/2023 0:00,POV005L04P,38,66,64,700,343.0,467.0,865.0
27/07/2023 0:00,POV001L24P,92,153,222,4501,3267.0,2522.0,7626.0
27/07/2023 0:00,POV500M24P,74,122,152,3002,1647.0,1360.0,4130.0
27/07/2023 0:00,POP001L12P,99,160,193,3004,1006.0,574.0,4390.0
27/07/2023 0:00,ATN02K12P,31,93,125,1200,1092.5,1913.0,1415.25
27/07/2023 0:00,ATN01K24P,75,219,716,6500,6750.0,6888.0,8892.25
27/07/2023 0:00,MAR01K24P,51,148,309,500,765.0,897.0,1330.0
27/07/2023 0:00,MASR025K,14,28,24,300,42.0,100.0,675.0
27/07/2023 0:00,SE500G24P,50,154,204,400,711.0,685.0,648.0
30/07/2023 0:00,SOS002L09P,126,195,896,8000,2612.0,6292.0,8522.0
30/07/2023 0:00,SOS001L12P,142,213,861,9528,3943.0,5705.0,10816.0
30/07/2023 0:00,SOS500M24P,119,184,568,2778,1606.0,3410.0,3810.0
30/07/2023 0:00,POV005L04P,38,66,64,500,197.0,184.0,540.0
30/07/2023 0:00,POV002L09P,61,103,153,804,412.0,490.0,1153.0
30/07/2023 0:00,POV001L24P,92,153,222,2002,1319.0,3170.0,3959.0
30/07/2023 0:00,POV500M24P,74,122,152,1425,598.0,1690.0,2175.0
30/07/2023 0:00,POP005L04P,37,64,42,100,84.0,160.0,134.0
30/07/2023 0:00,POP002L09P,53,88,84,201,449.0,310.0,541.0
30/07/2023 0:00,AT5X5K,43,121,168,500,896.0,765.0,618.0
30/07/2023 0:00,ATN02K12P,31,93,125,200,460.25,125.0,589.25
30/07/2023 0:00,MAR01K24P,51,148,309,500,610.0,805.0,833.0
30/07/2023 0:00,MASR025K,14,28,24,102,131.0,0.0,127.0
31/07/2023 0:00,SOS002L09P,126,195,896,3023,7784.0,6608.0,3472.0
31/07/2023 0:00,SOS001L12P,142,213,861,4000,10007.0,6701.0,5363.0
31/07/2023 0:00,SOS500M24P,119,184,568,1001,3856.0,3424.0,2454.0
01/08/2023 0:00,SOS001L12P,142,213,861,4006,5286.0,5281.0,6058.332971
01/08/2023 0:00,SOS500M24P,119,184,568,2504,1742.0,2793.0,2528.0
01/08/2023 0:00,POP005L04P,37,64,42,1,29.0,24.0,5.0
01/08/2023 0:00,MAHS025K,6,19,10,6,170.0,11.0,66.0
02/08/2023 0:00,SOS001L12P,142,213,861,3000,5451.0,5572.0,5838.0
02/08/2023 0:00,POPF01L12P,23,36,36,100,196.0,40.0,145.0
03/08/2023 0:00,SOS005L04P,153,226,957,200,3446.75,3816.0,9360.0
03/08/2023 0:00,SOS001L12P,142,213,861,3051,5507.332971,4662.0,8487.0
03/08/2023 0:00,SOS500M24P,119,184,568,500,1891.0,689.0,3669.0
03/08/2023 0:00,POV005L04P,38,66,64,100,233.0,210.0,541.0
03/08/2023 0:00,POV001L24P,92,153,222,502,1528.0,1450.0,2060.0
03/08/2023 0:00,POV500M24P,74,122,152,10,517.0,406.0,1352.0
03/08/2023 0:00,POP001L12P,99,160,193,300,221.0,890.0,2425.0
03/08/2023 0:00,POPF01L12P,23,36,36,154,43.91602564,485.0,748.0
03/08/2023 0:00,ATN02K12P,31,93,125,300,329.333,210.0,2654.333333
03/08/2023 0:00,MAR01K24P,51,148,309,300,959.583,1010.0,723.0
03/08/2023 0:00,SE500G24P,50,154,204,300,253.167,510.0,1087.0
03/08/2023 0:00,SE200G24P,17,37,29,50,0.0,30.0,100.0
05/08/2023 0:00,POV005L04P,38,66,64,112,150.0,215.0,165.0
06/08/2023 0:00,SOS005L04P,153,226,957,3172,3419.5,4229.0,7468.0
06/08/2023 0:00,SOS001L12P,142,213,861,4001,2722.0,2895.0,6716.0
06/08/2023 0:00,SOS500M24P,119,184,568,1000,1179.0,1735.0,2897.0
06/08/2023 0:00,POV005L04P,38,66,64,170,265.0,305.0,435.0
06/08/2023 0:00,POV001L24P,92,153,222,1002,977.0,680.0,2644.0
06/08/2023 0:00,POV500M24P,74,122,152,1004,688.0,490.0,1667.0
06/08/2023 0:00,AT5X5K,43,121,168,1,212.0,50.0,752.0
06/08/2023 0:00,ATN01K24P,75,219,716,595,1570.0,509.0,4677.375
06/08/2023 0:00,MAR01K24P,51,148,309,300,218.0,0.0,628.0
06/08/2023 0:00,MASR025K,14,28,24,100,151.0,250.0,1004.0
06/08/2023 0:00,SE500G24P,50,154,204,300,238.583,0.0,1407.0
07/08/2023 0:00,SOS005L04P,153,226,957,1500,6374.75,3030.0,5172.0
07/08/2023 0:00,SOS001L12P,142,213,861,3004,5883.0,3962.0,15579.33007
07/08/2023 0:00,SOS500M24P,119,184,568,2000,2506.0,1675.0,2385.0
07/08/2023 0:00,POV005L04P,38,66,64,350,352.0,255.0,355.0
07/08/2023 0:00,POP500M24P,83,142,114,200,291.0,470.0,276.0
