Storage Location,node1,node2
130,ATWWP001K24P,ATN01K24P
330,SOS005L04P,SOS002L09P
330,SOS005L04P,SOS003L04P
330,SOS005L04P,SOS500M24P
330,SOS005L04P,SOS001L12P
330,SOS005L04P,AT5X5K
330,SOS005L04P,POV001L24P
330,SOS005L04P,POV500M24P
330,SOS005L04P,ATN01K24P
330,SOS005L04P,MAR01K24P
330,SOS005L04P,SE500G24P
330,SOS005L04P,SOS008L02P
330,SOS005L04P,POP002L09P
330,SOS005L04P,POP500M24P
330,SOS005L04P,POV002L09P
330,SOS005L04P,POV005L04P
330,SOS005L04P,POP001L12P
330,SOS005L04P,POP005L04P
330,SOS005L04P,POPF01L12P
330,SOS005L04P,MASR025K
330,SOS005L04P,SOP001L12P
330,SOS005L04P,ATN02K12P
330,SOS005L04P,SE200G24P
330,SOS005L04P,MAR02K12P
330,SOS002L09P,SOS003L04P
330,SOS002L09P,SOS500M24P
330,SOS002L09P,SOS001L12P
330,SOS002L09P,AT5X5K
330,SOS002L09P,POV001L24P
330,SOS002L09P,POV500M24P
330,SOS002L09P,ATN01K24P
330,SOS002L09P,MAR01K24P
330,SOS002L09P,SE500G24P
330,SOS002L09P,SOS008L02P
330,SOS002L09P,POP002L09P
330,SOS002L09P,POP500M24P
330,SOS002L09P,POV002L09P
330,SOS002L09P,POV005L04P
330,SOS002L09P,POP001L12P
330,SOS002L09P,POP005L04P
330,SOS002L09P,POPF01L12P
330,SOS002L09P,MASR025K
330,SOS002L09P,SOP001L12P
330,SOS002L09P,ATN02K12P
330,SOS002L09P,SE200G24P
330,SOS002L09P,MAR02K12P
330,SOS003L04P,SOS500M24P
330,SOS003L04P,SOS001L12P
330,SOS003L04P,AT5X5K
330,SOS003L04P,POV001L24P
330,SOS003L04P,POV500M24P
330,SOS003L04P,ATN01K24P
330,SOS003L04P,MAR01K24P
330,SOS003L04P,SE500G24P
330,SOS003L04P,SOS008L02P
330,SOS003L04P,POP002L09P
330,SOS003L04P,POP500M24P
330,SOS003L04P,POV002L09P
330,SOS003L04P,POV005L04P
330,SOS003L04P,POP001L12P
330,SOS003L04P,POP005L04P
330,SOS003L04P,POPF01L12P
330,SOS003L04P,MASR025K
330,SOS003L04P,SOP001L12P
330,SOS003L04P,ATN02K12P
330,SOS003L04P,SE200G24P
330,SOS003L04P,MAR02K12P
330,SOS500M24P,SOS001L12P
330,SOS500M24P,AT5X5K
330,SOS500M24P,POV001L24P
330,SOS500M24P,POV500M24P
330,SOS500M24P,ATN01K24P
330,SOS500M24P,MAR01K24P
330,SOS500M24P,SE500G24P
330,SOS500M24P,SOS008L02P
330,SOS500M24P,POP002L09P
330,SOS500M24P,POP500M24P
330,SOS500M24P,POV002L09P
330,SOS500M24P,POV005L04P
330,SOS500M24P,POP001L12P
330,SOS500M24P,POP005L04P
330,SOS500M24P,POPF01L12P
330,SOS500M24P,MASR025K
330,SOS500M24P,SOP001L12P
330,SOS500M24P,ATN02K12P
330,SOS500M24P,SE200G24P
330,SOS500M24P,MAR02K12P
330,SOS001L12P,AT5X5K
330,SOS001L12P,POV001L24P
330,SOS001L12P,POV500M24P
330,SOS001L12P,ATN01K24P
330,SOS001L12P,MAR01K24P
330,SOS001L12P,SE500G24P
330,SOS001L12P,SOS008L02P
330,SOS001L12P,POP002L09P
330,SOS001L12P,POP500M24P
330,SOS001L12P,POV002L09P
330,SOS001L12P,POV005L04P
330,SOS001L12P,POP001L12P
330,SOS001L12P,POP005L04P
330,SOS001L12P,POPF01L12P
330,SOS001L12P,MASR025K
330,SOS001L12P,SOP001L12P
330,SOS001L12P,ATN02K12P
330,SOS001L12P,SE200G24P
330,SOS001L12P,MAR02K12P
330,AT5X5K,POV001L24P
330,AT5X5K,POV500M24P
330,AT5X5K,ATN01K24P
330,AT5X5K,MAR01K24P
330,AT5X5K,SE500G24P
330,AT5X5K,SOS008L02P
330,AT5X5K,POP002L09P
330,AT5X5K,POP500M24P
330,AT5X5K,POV002L09P
330,AT5X5K,POV005L04P
330,AT5X5K,POP001L12P
330,AT5X5K,POP005L04P
330,AT5X5K,POPF01L12P
330,AT5X5K,MASR025K
330,AT5X5K,SOP001L12P
330,AT5X5K,ATN02K12P
330,AT5X5K,SE200G24P
330,AT5X5K,MAR02K12P
330,POV001L24P,POV500M24P
330,POV001L24P,ATN01K24P
330,POV001L24P,MAR01K24P
330,POV001L24P,SE500G24P
330,POV001L24P,SOS008L02P
330,POV001L24P,POP002L09P
330,POV001L24P,POP500M24P
330,POV001L24P,POV002L09P
330,POV001L24P,POV005L04P
330,POV001L24P,POP001L12P
330,POV001L24P,POP005L04P
330,POV001L24P,POPF01L12P
330,POV001L24P,MASR025K
330,POV001L24P,SOP001L12P
330,POV001L24P,ATN02K12P
330,POV001L24P,SE200G24P
330,POV001L24P,MAR02K12P
330,POV500M24P,ATN01K24P
330,POV500M24P,MAR01K24P
330,POV500M24P,SE500G24P
330,POV500M24P,SOS008L02P
330,POV500M24P,POP002L09P
330,POV500M24P,POP500M24P
330,POV500M24P,POV002L09P
330,POV500M24P,POV005L04P
330,POV500M24P,POP001L12P
330,POV500M24P,POP005L04P
330,POV500M24P,POPF01L12P
330,POV500M24P,MASR025K
330,POV500M24P,SOP001L12P
330,POV500M24P,ATN02K12P
330,POV500M24P,SE200G24P
330,POV500M24P,MAR02K12P
330,ATN01K24P,MAR01K24P
330,ATN01K24P,SE500G24P
330,ATN01K24P,SOS008L02P
330,ATN01K24P,POP002L09P
330,ATN01K24P,POP500M24P
330,ATN01K24P,POV002L09P
330,ATN01K24P,POV005L04P
330,ATN01K24P,POP001L12P
330,ATN01K24P,POP005L04P
330,ATN01K24P,POPF01L12P
330,ATN01K24P,MASR025K
330,ATN01K24P,SOP001L12P
330,ATN01K24P,ATN02K12P
330,ATN01K24P,SE200G24P
330,ATN01K24P,MAR02K12P
330,MAR01K24P,SE500G24P
330,MAR01K24P,SOS008L02P
330,MAR01K24P,POP002L09P
330,MAR01K24P,POP500M24P
330,MAR01K24P,POV002L09P
330,MAR01K24P,POV005L04P
330,MAR01K24P,POP001L12P
330,MAR01K24P,POP005L04P
330,MAR01K24P,POPF01L12P
330,MAR01K24P,MASR025K
330,MAR01K24P,SOP001L12P
330,MAR01K24P,ATN02K12P
330,MAR01K24P,SE200G24P
330,MAR01K24P,MAR02K12P
330,SE500G24P,SOS008L02P
330,SE500G24P,POP002L09P
330,SE500G24P,POP500M24P
330,SE500G24P,POV002L09P
330,SE500G24P,POV005L04P
330,SE500G24P,POP001L12P
330,SE500G24P,POP005L04P
330,SE500G24P,POPF01L12P
330,SE500G24P,MASR025K
330,SE500G24P,SOP001L12P
330,SE500G24P,ATN02K12P
330,SE500G24P,SE200G24P
330,SE500G24P,MAR02K12P
330,SOS008L02P,POP002L09P
330,SOS008L02P,POP500M24P
330,SOS008L02P,POV002L09P
330,SOS008L02P,POV005L04P
330,SOS008L02P,POP001L12P
330,SOS008L02P,POP005L04P
330,SOS008L02P,POPF01L12P
330,SOS008L02P,MASR025K
330,SOS008L02P,SOP001L12P
330,SOS008L02P,ATN02K12P
330,SOS008L02P,SE200G24P
330,SOS008L02P,MAR02K12P
330,POP002L09P,POP500M24P
330,POP002L09P,POV002L09P
330,POP002L09P,POV005L04P
330,POP002L09P,POP001L12P
330,POP002L09P,POP005L04P
330,POP002L09P,POPF01L12P
330,POP002L09P,MASR025K
330,POP002L09P,SOP001L12P
330,POP002L09P,ATN02K12P
330,POP002L09P,SE200G24P
330,POP002L09P,MAR02K12P
330,POP500M24P,POV002L09P
330,POP500M24P,POV005L04P
330,POP500M24P,POP001L12P
330,POP500M24P,POP005L04P
330,POP500M24P,POPF01L12P
330,POP500M24P,MASR025K
330,POP500M24P,SOP001L12P
330,POP500M24P,ATN02K12P
330,POP500M24P,SE200G24P
330,POP500M24P,MAR02K12P
330,POV002L09P,POV005L04P
330,POV002L09P,POP001L12P
330,POV002L09P,POP005L04P
330,POV002L09P,POPF01L12P
330,POV002L09P,MASR025K
330,POV002L09P,SOP001L12P
330,POV002L09P,ATN02K12P
330,POV002L09P,SE200G24P
330,POV002L09P,MAR02K12P
330,POV005L04P,POP001L12P
330,POV005L04P,POP005L04P
330,POV005L04P,POPF01L12P
330,POV005L04P,MASR025K
330,POV005L04P,SOP001L12P
330,POV005L04P,ATN02K12P
330,POV005L04P,SE200G24P
330,POV005L04P,MAR02K12P
330,POP001L12P,POP005L04P
330,POP001L12P,POPF01L12P
330,POP001L12P,MASR025K
330,POP001L12P,SOP001L12P
330,POP001L12P,ATN02K12P
330,POP001L12P,SE200G24P
330,POP001L12P,MAR02K12P
330,POP005L04P,POPF01L12P
330,POP005L04P,MASR025K
330,POP005L04P,SOP001L12P
330,POP005L04P,ATN02K12P
330,POP005L04P,SE200G24P
330,POP005L04P,MAR02K12P
330,POPF01L12P,MASR025K
330,POPF01L12P,SOP001L12P
330,POPF01L12P,ATN02K12P
330,POPF01L12P,SE200G24P
330,POPF01L12P,MAR02K12P
330,MASR025K,SOP001L12P
330,MASR025K,ATN02K12P
330,MASR025K,SE200G24P
330,MASR025K,MAR02K12P
330,SOP001L12P,ATN02K12P
330,SOP001L12P,SE200G24P
330,SOP001L12P,MAR02K12P
330,ATN02K12P,SE200G24P
330,ATN02K12P,MAR02K12P
330,SE200G24P,MAR02K12P
1130,ATN02K12P,ATN01K24P
1130,ATN02K12P,MAR02K12P
1130,ATN02K12P,MAR01K24P
1130,ATN02K12P,SE500G24P
1130,ATN02K12P,SOS001L12P
1130,ATN02K12P,SOS500M24P
1130,ATN02K12P,SOS005L04P
1130,ATN02K12P,SOS002L09P
1130,ATN02K12P,SOS003L04P
1130,ATN02K12P,POP001L12P
1130,ATN02K12P,POP500M24P
1130,ATN02K12P,POV001L24P
1130,ATN02K12P,SOS008L02P
1130,ATN02K12P,ATWWP001K24P
1130,ATN02K12P,MASR025K
1130,ATN02K12P,POV002L09P
1130,ATN02K12P,SOS250M48P
1130,ATN02K12P,AT5X5K
1130,ATN02K12P,SOP001L12P
1130,ATN02K12P,ATPA1K24P
1130,ATN02K12P,MAP1K25P
1130,ATN02K12P,EEA500G12P
1130,ATN02K12P,EEA200G24P
1130,ATN01K24P,MAR02K12P
1130,ATN01K24P,MAR01K24P
1130,ATN01K24P,SE500G24P
1130,ATN01K24P,SOS001L12P
1130,ATN01K24P,SOS500M24P
1130,ATN01K24P,SOS005L04P
1130,ATN01K24P,SOS002L09P
1130,ATN01K24P,SOS003L04P
1130,ATN01K24P,POP001L12P
1130,ATN01K24P,POP500M24P
1130,ATN01K24P,POV001L24P
1130,ATN01K24P,SOS008L02P
1130,ATN01K24P,ATWWP001K24P
1130,ATN01K24P,MASR025K
1130,ATN01K24P,POV002L09P
1130,ATN01K24P,SOS250M48P
1130,ATN01K24P,AT5X5K
1130,ATN01K24P,SOP001L12P
1130,ATN01K24P,ATPA1K24P
1130,ATN01K24P,MAP1K25P
1130,ATN01K24P,EEA500G12P
1130,ATN01K24P,EEA200G24P
1130,MAR02K12P,MAR01K24P
1130,MAR02K12P,SE500G24P
1130,MAR02K12P,SOS001L12P
1130,MAR02K12P,SOS500M24P
1130,MAR02K12P,SOS005L04P
1130,MAR02K12P,SOS002L09P
1130,MAR02K12P,SOS003L04P
1130,MAR02K12P,POP001L12P
1130,MAR02K12P,POP500M24P
1130,MAR02K12P,POV001L24P
1130,MAR02K12P,SOS008L02P
1130,MAR02K12P,ATWWP001K24P
1130,MAR02K12P,MASR025K
1130,MAR02K12P,POV002L09P
1130,MAR02K12P,SOS250M48P
1130,MAR02K12P,AT5X5K
1130,MAR02K12P,SOP001L12P
1130,MAR02K12P,ATPA1K24P
1130,MAR02K12P,MAP1K25P
1130,MAR02K12P,EEA500G12P
1130,MAR02K12P,EEA200G24P
1130,MAR01K24P,SE500G24P
1130,MAR01K24P,SOS001L12P
1130,MAR01K24P,SOS500M24P
1130,MAR01K24P,SOS005L04P
1130,MAR01K24P,SOS002L09P
1130,MAR01K24P,SOS003L04P
1130,MAR01K24P,POP001L12P
1130,MAR01K24P,POP500M24P
1130,MAR01K24P,POV001L24P
1130,MAR01K24P,SOS008L02P
1130,MAR01K24P,ATWWP001K24P
1130,MAR01K24P,MASR025K
1130,MAR01K24P,POV002L09P
1130,MAR01K24P,SOS250M48P
1130,MAR01K24P,AT5X5K
1130,MAR01K24P,SOP001L12P
1130,MAR01K24P,ATPA1K24P
1130,MAR01K24P,MAP1K25P
1130,MAR01K24P,EEA500G12P
1130,MAR01K24P,EEA200G24P
1130,SE500G24P,SOS001L12P
1130,SE500G24P,SOS500M24P
1130,SE500G24P,SOS005L04P
1130,SE500G24P,SOS002L09P
1130,SE500G24P,SOS003L04P
1130,SE500G24P,POP001L12P
1130,SE500G24P,POP500M24P
1130,SE500G24P,POV001L24P
1130,SE500G24P,SOS008L02P
1130,SE500G24P,ATWWP001K24P
1130,SE500G24P,MASR025K
1130,SE500G24P,POV002L09P
1130,SE500G24P,SOS250M48P
1130,SE500G24P,AT5X5K
1130,SE500G24P,SOP001L12P
1130,SE500G24P,ATPA1K24P
1130,SE500G24P,MAP1K25P
1130,SE500G24P,EEA500G12P
1130,SE500G24P,EEA200G24P
1130,SOS001L12P,SOS500M24P
1130,SOS001L12P,SOS005L04P
1130,SOS001L12P,SOS002L09P
1130,SOS001L12P,SOS003L04P
1130,SOS001L12P,POP001L12P
1130,SOS001L12P,POP500M24P
1130,SOS001L12P,POV001L24P
1130,SOS001L12P,SOS008L02P
1130,SOS001L12P,ATWWP001K24P
1130,SOS001L12P,MASR025K
1130,SOS001L12P,POV002L09P
1130,SOS001L12P,SOS250M48P
1130,SOS001L12P,AT5X5K
1130,SOS001L12P,SOP001L12P
1130,SOS001L12P,ATPA1K24P
1130,SOS001L12P,MAP1K25P
1130,SOS001L12P,EEA500G12P
1130,SOS001L12P,EEA200G24P
1130,SOS500M24P,SOS005L04P
1130,SOS500M24P,SOS002L09P
1130,SOS500M24P,SOS003L04P
1130,SOS500M24P,POP001L12P
1130,SOS500M24P,POP500M24P
1130,SOS500M24P,POV001L24P
1130,SOS500M24P,SOS008L02P
1130,SOS500M24P,ATWWP001K24P
1130,SOS500M24P,MASR025K
1130,SOS500M24P,POV002L09P
1130,SOS500M24P,SOS250M48P
1130,SOS500M24P,AT5X5K
1130,SOS500M24P,SOP001L12P
1130,SOS500M24P,ATPA1K24P
1130,SOS500M24P,MAP1K25P
1130,SOS500M24P,EEA500G12P
1130,SOS500M24P,EEA200G24P
1130,SOS005L04P,SOS002L09P
1130,SOS005L04P,SOS003L04P
1130,SOS005L04P,POP001L12P
1130,SOS005L04P,POP500M24P
1130,SOS005L04P,POV001L24P
1130,SOS005L04P,SOS008L02P
1130,SOS005L04P,ATWWP001K24P
1130,SOS005L04P,MASR025K
1130,SOS005L04P,POV002L09P
1130,SOS005L04P,SOS250M48P
1130,SOS005L04P,AT5X5K
1130,SOS005L04P,SOP001L12P
1130,SOS005L04P,ATPA1K24P
1130,SOS005L04P,MAP1K25P
1130,SOS005L04P,EEA500G12P
1130,SOS005L04P,EEA200G24P
1130,SOS002L09P,SOS003L04P
1130,SOS002L09P,POP001L12P
1130,SOS002L09P,POP500M24P
1130,SOS002L09P,POV001L24P
1130,SOS002L09P,SOS008L02P
1130,SOS002L09P,ATWWP001K24P
1130,SOS002L09P,MASR025K
1130,SOS002L09P,POV002L09P
1130,SOS002L09P,SOS250M48P
1130,SOS002L09P,AT5X5K
1130,SOS002L09P,SOP001L12P
1130,SOS002L09P,ATPA1K24P
1130,SOS002L09P,MAP1K25P
1130,SOS002L09P,EEA500G12P
1130,SOS002L09P,EEA200G24P
1130,SOS003L04P,POP001L12P
1130,SOS003L04P,POP500M24P
1130,SOS003L04P,POV001L24P
1130,SOS003L04P,SOS008L02P
1130,SOS003L04P,ATWWP001K24P
1130,SOS003L04P,MASR025K
1130,SOS003L04P,POV002L09P
1130,SOS003L04P,SOS250M48P
1130,SOS003L04P,AT5X5K
1130,SOS003L04P,SOP001L12P
1130,SOS003L04P,ATPA1K24P
1130,SOS003L04P,MAP1K25P
1130,SOS003L04P,EEA500G12P
1130,SOS003L04P,EEA200G24P
1130,POP001L12P,POP500M24P
1130,POP001L12P,POV001L24P
1130,POP001L12P,SOS008L02P
1130,POP001L12P,ATWWP001K24P
1130,POP001L12P,MASR025K
1130,POP001L12P,POV002L09P
1130,POP001L12P,SOS250M48P
1130,POP001L12P,AT5X5K
1130,POP001L12P,SOP001L12P
1130,POP001L12P,ATPA1K24P
1130,POP001L12P,MAP1K25P
1130,POP001L12P,EEA500G12P
1130,POP001L12P,EEA200G24P
1130,POP500M24P,POV001L24P
1130,POP500M24P,SOS008L02P
1130,POP500M24P,ATWWP001K24P
1130,POP500M24P,MASR025K
1130,POP500M24P,POV002L09P
1130,POP500M24P,SOS250M48P
1130,POP500M24P,AT5X5K
1130,POP500M24P,SOP001L12P
1130,POP500M24P,ATPA1K24P
1130,POP500M24P,MAP1K25P
1130,POP500M24P,EEA500G12P
1130,POP500M24P,EEA200G24P
1130,POV001L24P,SOS008L02P
1130,POV001L24P,ATWWP001K24P
1130,POV001L24P,MASR025K
1130,POV001L24P,POV002L09P
1130,POV001L24P,SOS250M48P
1130,POV001L24P,AT5X5K
1130,POV001L24P,SOP001L12P
1130,POV001L24P,ATPA1K24P
1130,POV001L24P,MAP1K25P
1130,POV001L24P,EEA500G12P
1130,POV001L24P,EEA200G24P
1130,SOS008L02P,ATWWP001K24P
1130,SOS008L02P,MASR025K
1130,SOS008L02P,POV002L09P
1130,SOS008L02P,SOS250M48P
1130,SOS008L02P,AT5X5K
1130,SOS008L02P,SOP001L12P
1130,SOS008L02P,ATPA1K24P
1130,SOS008L02P,MAP1K25P
1130,SOS008L02P,EEA500G12P
1130,SOS008L02P,EEA200G24P
1130,ATWWP001K24P,MASR025K
1130,ATWWP001K24P,POV002L09P
1130,ATWWP001K24P,SOS250M48P
1130,ATWWP001K24P,AT5X5K
1130,ATWWP001K24P,SOP001L12P
1130,ATWWP001K24P,ATPA1K24P
1130,ATWWP001K24P,MAP1K25P
1130,ATWWP001K24P,EEA500G12P
1130,ATWWP001K24P,EEA200G24P
1130,MASR025K,POV002L09P
1130,MASR025K,SOS250M48P
1130,MASR025K,AT5X5K
1130,MASR025K,SOP001L12P
1130,MASR025K,ATPA1K24P
1130,MASR025K,MAP1K25P
1130,MASR025K,EEA500G12P
1130,MASR025K,EEA200G24P
1130,POV002L09P,SOS250M48P
1130,POV002L09P,AT5X5K
1130,POV002L09P,SOP001L12P
1130,POV002L09P,ATPA1K24P
1130,POV002L09P,MAP1K25P
1130,POV002L09P,EEA500G12P
1130,POV002L09P,EEA200G24P
1130,SOS250M48P,AT5X5K
1130,SOS250M48P,SOP001L12P
1130,SOS250M48P,ATPA1K24P
1130,SOS250M48P,MAP1K25P
1130,SOS250M48P,EEA500G12P
1130,SOS250M48P,EEA200G24P
1130,AT5X5K,SOP001L12P
1130,AT5X5K,ATPA1K24P
1130,AT5X5K,MAP1K25P
1130,AT5X5K,EEA500G12P
1130,AT5X5K,EEA200G24P
1130,SOP001L12P,ATPA1K24P
1130,SOP001L12P,MAP1K25P
1130,SOP001L12P,EEA500G12P
1130,SOP001L12P,EEA200G24P
1130,ATPA1K24P,MAP1K25P
1130,ATPA1K24P,EEA500G12P
1130,ATPA1K24P,EEA200G24P
1130,MAP1K25P,EEA500G12P
1130,MAP1K25P,EEA200G24P
1130,EEA500G12P,EEA200G24P
1230,SOS005L04P,SOS001L12P
1230,SOS005L04P,SOS500M24P
1230,SOS005L04P,SOS002L09P
1230,SOS005L04P,POP001L12P
1230,SOS005L04P,SE500G24P
1230,SOS005L04P,ATN01K24P
1230,SOS005L04P,POP500M24P
1230,SOS005L04P,POV500M24P
1230,SOS005L04P,ATN02K12P
1230,SOS005L04P,SOS250M48P
1230,SOS005L04P,SOS003L04P
1230,SOS005L04P,POP002L09P
1230,SOS005L04P,AT5X5K
1230,SOS005L04P,MAR01K24P
1230,SOS005L04P,SOS008L02P
1230,SOS005L04P,POV001L24P
1230,SOS005L04P,POV002L09P
1230,SOS005L04P,POV005L04P
1230,SOS005L04P,POP005L04P
1230,SOS005L04P,ATWWP001K24P
1230,SOS005L04P,MAR02K12P
1230,SOS005L04P,MASR025K
1230,SOS001L12P,SOS500M24P
1230,SOS001L12P,SOS002L09P
1230,SOS001L12P,POP001L12P
1230,SOS001L12P,SE500G24P
1230,SOS001L12P,ATN01K24P
1230,SOS001L12P,POP500M24P
1230,SOS001L12P,POV500M24P
1230,SOS001L12P,ATN02K12P
1230,SOS001L12P,SOS250M48P
1230,SOS001L12P,SOS003L04P
1230,SOS001L12P,POP002L09P
1230,SOS001L12P,AT5X5K
1230,SOS001L12P,MAR01K24P
1230,SOS001L12P,SOS008L02P
1230,SOS001L12P,POV001L24P
1230,SOS001L12P,POV002L09P
1230,SOS001L12P,POV005L04P
1230,SOS001L12P,POP005L04P
1230,SOS001L12P,ATWWP001K24P
1230,SOS001L12P,MAR02K12P
1230,SOS001L12P,MASR025K
1230,SOS500M24P,SOS002L09P
1230,SOS500M24P,POP001L12P
1230,SOS500M24P,SE500G24P
1230,SOS500M24P,ATN01K24P
1230,SOS500M24P,POP500M24P
1230,SOS500M24P,POV500M24P
1230,SOS500M24P,ATN02K12P
1230,SOS500M24P,SOS250M48P
1230,SOS500M24P,SOS003L04P
1230,SOS500M24P,POP002L09P
1230,SOS500M24P,AT5X5K
1230,SOS500M24P,MAR01K24P
1230,SOS500M24P,SOS008L02P
1230,SOS500M24P,POV001L24P
1230,SOS500M24P,POV002L09P
1230,SOS500M24P,POV005L04P
1230,SOS500M24P,POP005L04P
1230,SOS500M24P,ATWWP001K24P
1230,SOS500M24P,MAR02K12P
1230,SOS500M24P,MASR025K
1230,SOS002L09P,POP001L12P
1230,SOS002L09P,SE500G24P
1230,SOS002L09P,ATN01K24P
1230,SOS002L09P,POP500M24P
1230,SOS002L09P,POV500M24P
1230,SOS002L09P,ATN02K12P
1230,SOS002L09P,SOS250M48P
1230,SOS002L09P,SOS003L04P
1230,SOS002L09P,POP002L09P
1230,SOS002L09P,AT5X5K
1230,SOS002L09P,MAR01K24P
1230,SOS002L09P,SOS008L02P
1230,SOS002L09P,POV001L24P
1230,SOS002L09P,POV002L09P
1230,SOS002L09P,POV005L04P
1230,SOS002L09P,POP005L04P
1230,SOS002L09P,ATWWP001K24P
1230,SOS002L09P,MAR02K12P
1230,SOS002L09P,MASR025K
1230,POP001L12P,SE500G24P
1230,POP001L12P,ATN01K24P
1230,POP001L12P,POP500M24P
1230,POP001L12P,POV500M24P
1230,POP001L12P,ATN02K12P
1230,POP001L12P,SOS250M48P
1230,POP001L12P,SOS003L04P
1230,POP001L12P,POP002L09P
1230,POP001L12P,AT5X5K
1230,POP001L12P,MAR01K24P
1230,POP001L12P,SOS008L02P
1230,POP001L12P,POV001L24P
1230,POP001L12P,POV002L09P
1230,POP001L12P,POV005L04P
1230,POP001L12P,POP005L04P
1230,POP001L12P,ATWWP001K24P
1230,POP001L12P,MAR02K12P
1230,POP001L12P,MASR025K
1230,SE500G24P,ATN01K24P
1230,SE500G24P,POP500M24P
1230,SE500G24P,POV500M24P
1230,SE500G24P,ATN02K12P
1230,SE500G24P,SOS250M48P
1230,SE500G24P,SOS003L04P
1230,SE500G24P,POP002L09P
1230,SE500G24P,AT5X5K
1230,SE500G24P,MAR01K24P
1230,SE500G24P,SOS008L02P
1230,SE500G24P,POV001L24P
1230,SE500G24P,POV002L09P
1230,SE500G24P,POV005L04P
1230,SE500G24P,POP005L04P
1230,SE500G24P,ATWWP001K24P
1230,SE500G24P,MAR02K12P
1230,SE500G24P,MASR025K
1230,ATN01K24P,POP500M24P
1230,ATN01K24P,POV500M24P
1230,ATN01K24P,ATN02K12P
1230,ATN01K24P,SOS250M48P
1230,ATN01K24P,SOS003L04P
1230,ATN01K24P,POP002L09P
1230,ATN01K24P,AT5X5K
1230,ATN01K24P,MAR01K24P
1230,ATN01K24P,SOS008L02P
1230,ATN01K24P,POV001L24P
1230,ATN01K24P,POV002L09P
1230,ATN01K24P,POV005L04P
1230,ATN01K24P,POP005L04P
1230,ATN01K24P,ATWWP001K24P
1230,ATN01K24P,MAR02K12P
1230,ATN01K24P,MASR025K
1230,POP500M24P,POV500M24P
1230,POP500M24P,ATN02K12P
1230,POP500M24P,SOS250M48P
1230,POP500M24P,SOS003L04P
1230,POP500M24P,POP002L09P
1230,POP500M24P,AT5X5K
1230,POP500M24P,MAR01K24P
1230,POP500M24P,SOS008L02P
1230,POP500M24P,POV001L24P
1230,POP500M24P,POV002L09P
1230,POP500M24P,POV005L04P
1230,POP500M24P,POP005L04P
1230,POP500M24P,ATWWP001K24P
1230,POP500M24P,MAR02K12P
1230,POP500M24P,MASR025K
1230,POV500M24P,ATN02K12P
1230,POV500M24P,SOS250M48P
1230,POV500M24P,SOS003L04P
1230,POV500M24P,POP002L09P
1230,POV500M24P,AT5X5K
1230,POV500M24P,MAR01K24P
1230,POV500M24P,SOS008L02P
1230,POV500M24P,POV001L24P
1230,POV500M24P,POV002L09P
1230,POV500M24P,POV005L04P
1230,POV500M24P,POP005L04P
1230,POV500M24P,ATWWP001K24P
1230,POV500M24P,MAR02K12P
1230,POV500M24P,MASR025K
1230,ATN02K12P,SOS250M48P
1230,ATN02K12P,SOS003L04P
1230,ATN02K12P,POP002L09P
1230,ATN02K12P,AT5X5K
1230,ATN02K12P,MAR01K24P
1230,ATN02K12P,SOS008L02P
1230,ATN02K12P,POV001L24P
1230,ATN02K12P,POV002L09P
1230,ATN02K12P,POV005L04P
1230,ATN02K12P,POP005L04P
1230,ATN02K12P,ATWWP001K24P
1230,ATN02K12P,MAR02K12P
1230,ATN02K12P,MASR025K
1230,SOS250M48P,SOS003L04P
1230,SOS250M48P,POP002L09P
1230,SOS250M48P,AT5X5K
1230,SOS250M48P,MAR01K24P
1230,SOS250M48P,SOS008L02P
1230,SOS250M48P,POV001L24P
1230,SOS250M48P,POV002L09P
1230,SOS250M48P,POV005L04P
1230,SOS250M48P,POP005L04P
1230,SOS250M48P,ATWWP001K24P
1230,SOS250M48P,MAR02K12P
1230,SOS250M48P,MASR025K
1230,SOS003L04P,POP002L09P
1230,SOS003L04P,AT5X5K
1230,SOS003L04P,MAR01K24P
1230,SOS003L04P,SOS008L02P
1230,SOS003L04P,POV001L24P
1230,SOS003L04P,POV002L09P
1230,SOS003L04P,POV005L04P
1230,SOS003L04P,POP005L04P
1230,SOS003L04P,ATWWP001K24P
1230,SOS003L04P,MAR02K12P
1230,SOS003L04P,MASR025K
1230,POP002L09P,AT5X5K
1230,POP002L09P,MAR01K24P
1230,POP002L09P,SOS008L02P
1230,POP002L09P,POV001L24P
1230,POP002L09P,POV002L09P
1230,POP002L09P,POV005L04P
1230,POP002L09P,POP005L04P
1230,POP002L09P,ATWWP001K24P
1230,POP002L09P,MAR02K12P
1230,POP002L09P,MASR025K
1230,AT5X5K,MAR01K24P
1230,AT5X5K,SOS008L02P
1230,AT5X5K,POV001L24P
1230,AT5X5K,POV002L09P
1230,AT5X5K,POV005L04P
1230,AT5X5K,POP005L04P
1230,AT5X5K,ATWWP001K24P
1230,AT5X5K,MAR02K12P
1230,AT5X5K,MASR025K
1230,MAR01K24P,SOS008L02P
1230,MAR01K24P,POV001L24P
1230,MAR01K24P,POV002L09P
1230,MAR01K24P,POV005L04P
1230,MAR01K24P,POP005L04P
1230,MAR01K24P,ATWWP001K24P
1230,MAR01K24P,MAR02K12P
1230,MAR01K24P,MASR025K
1230,SOS008L02P,POV001L24P
1230,SOS008L02P,POV002L09P
1230,SOS008L02P,POV005L04P
1230,SOS008L02P,POP005L04P
1230,SOS008L02P,ATWWP001K24P
1230,SOS008L02P,MAR02K12P
1230,SOS008L02P,MASR025K
1230,POV001L24P,POV002L09P
1230,POV001L24P,POV005L04P
1230,POV001L24P,POP005L04P
1230,POV001L24P,ATWWP001K24P
1230,POV001L24P,MAR02K12P
1230,POV001L24P,MASR025K
1230,POV002L09P,POV005L04P
1230,POV002L09P,POP005L04P
1230,POV002L09P,ATWWP001K24P
1230,POV002L09P,MAR02K12P
1230,POV002L09P,MASR025K
1230,POV005L04P,POP005L04P
1230,POV005L04P,ATWWP001K24P
1230,POV005L04P,MAR02K12P
1230,POV005L04P,MASR025K
1230,POP005L04P,ATWWP001K24P
1230,POP005L04P,MAR02K12P
1230,POP005L04P,MASR025K
1230,ATWWP001K24P,MAR02K12P
1230,ATWWP001K24P,MASR025K
1230,MAR02K12P,MASR025K
1430,SOS008L02P,SOS005L04P
1430,SOS008L02P,SOS500M24P
1430,SOS008L02P,POV001L24P
1430,SOS008L02P,SOS002L09P
1430,SOS008L02P,SOS001L12P
1430,SOS008L02P,SOS003L04P
1430,SOS008L02P,SOS250M48P
1430,SOS008L02P,POV500M24P
1430,SOS008L02P,MAR01K24P
1430,SOS008L02P,POV002L09P
1430,SOS008L02P,POP001L12P
1430,SOS008L02P,POP500M24P
1430,SOS008L02P,ATN01K24P
1430,SOS008L02P,AT5X5K
1430,SOS008L02P,POP005L04P
1430,SOS008L02P,ATWWP001K24P
1430,SOS008L02P,MASR025K
1430,SOS008L02P,POP002L09P
1430,SOS008L02P,POV005L04P
1430,SOS008L02P,SE200G24P
1430,SOS008L02P,SE500G24P
1430,SOS008L02P,MAHS025K
1430,SOS008L02P,SOP001L12P
1430,SOS008L02P,SO0500M24P
1430,SOS005L04P,SOS500M24P
1430,SOS005L04P,POV001L24P
1430,SOS005L04P,SOS002L09P
1430,SOS005L04P,SOS001L12P
1430,SOS005L04P,SOS003L04P
1430,SOS005L04P,SOS250M48P
1430,SOS005L04P,POV500M24P
1430,SOS005L04P,MAR01K24P
1430,SOS005L04P,POV002L09P
1430,SOS005L04P,POP001L12P
1430,SOS005L04P,POP500M24P
1430,SOS005L04P,ATN01K24P
1430,SOS005L04P,AT5X5K
1430,SOS005L04P,POP005L04P
1430,SOS005L04P,ATWWP001K24P
1430,SOS005L04P,MASR025K
1430,SOS005L04P,POP002L09P
1430,SOS005L04P,POV005L04P
1430,SOS005L04P,SE200G24P
1430,SOS005L04P,SE500G24P
1430,SOS005L04P,MAHS025K
1430,SOS005L04P,SOP001L12P
1430,SOS005L04P,SO0500M24P
1430,SOS500M24P,POV001L24P
1430,SOS500M24P,SOS002L09P
1430,SOS500M24P,SOS001L12P
1430,SOS500M24P,SOS003L04P
1430,SOS500M24P,SOS250M48P
1430,SOS500M24P,POV500M24P
1430,SOS500M24P,MAR01K24P
1430,SOS500M24P,POV002L09P
1430,SOS500M24P,POP001L12P
1430,SOS500M24P,POP500M24P
1430,SOS500M24P,ATN01K24P
1430,SOS500M24P,AT5X5K
1430,SOS500M24P,POP005L04P
1430,SOS500M24P,ATWWP001K24P
1430,SOS500M24P,MASR025K
1430,SOS500M24P,POP002L09P
1430,SOS500M24P,POV005L04P
1430,SOS500M24P,SE200G24P
1430,SOS500M24P,SE500G24P
1430,SOS500M24P,MAHS025K
1430,SOS500M24P,SOP001L12P
1430,SOS500M24P,SO0500M24P
1430,POV001L24P,SOS002L09P
1430,POV001L24P,SOS001L12P
1430,POV001L24P,SOS003L04P
1430,POV001L24P,SOS250M48P
1430,POV001L24P,POV500M24P
1430,POV001L24P,MAR01K24P
1430,POV001L24P,POV002L09P
1430,POV001L24P,POP001L12P
1430,POV001L24P,POP500M24P
1430,POV001L24P,ATN01K24P
1430,POV001L24P,AT5X5K
1430,POV001L24P,POP005L04P
1430,POV001L24P,ATWWP001K24P
1430,POV001L24P,MASR025K
1430,POV001L24P,POP002L09P
1430,POV001L24P,POV005L04P
1430,POV001L24P,SE200G24P
1430,POV001L24P,SE500G24P
1430,POV001L24P,MAHS025K
1430,POV001L24P,SOP001L12P
1430,POV001L24P,SO0500M24P
1430,SOS002L09P,SOS001L12P
1430,SOS002L09P,SOS003L04P
1430,SOS002L09P,SOS250M48P
1430,SOS002L09P,POV500M24P
1430,SOS002L09P,MAR01K24P
1430,SOS002L09P,POV002L09P
1430,SOS002L09P,POP001L12P
1430,SOS002L09P,POP500M24P
1430,SOS002L09P,ATN01K24P
1430,SOS002L09P,AT5X5K
1430,SOS002L09P,POP005L04P
1430,SOS002L09P,ATWWP001K24P
1430,SOS002L09P,MASR025K
1430,SOS002L09P,POP002L09P
1430,SOS002L09P,POV005L04P
1430,SOS002L09P,SE200G24P
1430,SOS002L09P,SE500G24P
1430,SOS002L09P,MAHS025K
1430,SOS002L09P,SOP001L12P
1430,SOS002L09P,SO0500M24P
1430,SOS001L12P,SOS003L04P
1430,SOS001L12P,SOS250M48P
1430,SOS001L12P,POV500M24P
1430,SOS001L12P,MAR01K24P
1430,SOS001L12P,POV002L09P
1430,SOS001L12P,POP001L12P
1430,SOS001L12P,POP500M24P
1430,SOS001L12P,ATN01K24P
1430,SOS001L12P,AT5X5K
1430,SOS001L12P,POP005L04P
1430,SOS001L12P,ATWWP001K24P
1430,SOS001L12P,MASR025K
1430,SOS001L12P,POP002L09P
1430,SOS001L12P,POV005L04P
1430,SOS001L12P,SE200G24P
1430,SOS001L12P,SE500G24P
1430,SOS001L12P,MAHS025K
1430,SOS001L12P,SOP001L12P
1430,SOS001L12P,SO0500M24P
1430,SOS003L04P,SOS250M48P
1430,SOS003L04P,POV500M24P
1430,SOS003L04P,MAR01K24P
1430,SOS003L04P,POV002L09P
1430,SOS003L04P,POP001L12P
1430,SOS003L04P,POP500M24P
1430,SOS003L04P,ATN01K24P
1430,SOS003L04P,AT5X5K
1430,SOS003L04P,POP005L04P
1430,SOS003L04P,ATWWP001K24P
1430,SOS003L04P,MASR025K
1430,SOS003L04P,POP002L09P
1430,SOS003L04P,POV005L04P
1430,SOS003L04P,SE200G24P
1430,SOS003L04P,SE500G24P
1430,SOS003L04P,MAHS025K
1430,SOS003L04P,SOP001L12P
1430,SOS003L04P,SO0500M24P
1430,SOS250M48P,POV500M24P
1430,SOS250M48P,MAR01K24P
1430,SOS250M48P,POV002L09P
1430,SOS250M48P,POP001L12P
1430,SOS250M48P,POP500M24P
1430,SOS250M48P,ATN01K24P
1430,SOS250M48P,AT5X5K
1430,SOS250M48P,POP005L04P
1430,SOS250M48P,ATWWP001K24P
1430,SOS250M48P,MASR025K
1430,SOS250M48P,POP002L09P
1430,SOS250M48P,POV005L04P
1430,SOS250M48P,SE200G24P
1430,SOS250M48P,SE500G24P
1430,SOS250M48P,MAHS025K
1430,SOS250M48P,SOP001L12P
1430,SOS250M48P,SO0500M24P
1430,POV500M24P,MAR01K24P
1430,POV500M24P,POV002L09P
1430,POV500M24P,POP001L12P
1430,POV500M24P,POP500M24P
1430,POV500M24P,ATN01K24P
1430,POV500M24P,AT5X5K
1430,POV500M24P,POP005L04P
1430,POV500M24P,ATWWP001K24P
1430,POV500M24P,MASR025K
1430,POV500M24P,POP002L09P
1430,POV500M24P,POV005L04P
1430,POV500M24P,SE200G24P
1430,POV500M24P,SE500G24P
1430,POV500M24P,MAHS025K
1430,POV500M24P,SOP001L12P
1430,POV500M24P,SO0500M24P
1430,MAR01K24P,POV002L09P
1430,MAR01K24P,POP001L12P
1430,MAR01K24P,POP500M24P
1430,MAR01K24P,ATN01K24P
1430,MAR01K24P,AT5X5K
1430,MAR01K24P,POP005L04P
1430,MAR01K24P,ATWWP001K24P
1430,MAR01K24P,MASR025K
1430,MAR01K24P,POP002L09P
1430,MAR01K24P,POV005L04P
1430,MAR01K24P,SE200G24P
1430,MAR01K24P,SE500G24P
1430,MAR01K24P,MAHS025K
1430,MAR01K24P,SOP001L12P
1430,MAR01K24P,SO0500M24P
1430,POV002L09P,POP001L12P
1430,POV002L09P,POP500M24P
1430,POV002L09P,ATN01K24P
1430,POV002L09P,AT5X5K
1430,POV002L09P,POP005L04P
1430,POV002L09P,ATWWP001K24P
1430,POV002L09P,MASR025K
1430,POV002L09P,POP002L09P
1430,POV002L09P,POV005L04P
1430,POV002L09P,SE200G24P
1430,POV002L09P,SE500G24P
1430,POV002L09P,MAHS025K
1430,POV002L09P,SOP001L12P
1430,POV002L09P,SO0500M24P
1430,POP001L12P,POP500M24P
1430,POP001L12P,ATN01K24P
1430,POP001L12P,AT5X5K
1430,POP001L12P,POP005L04P
1430,POP001L12P,ATWWP001K24P
1430,POP001L12P,MASR025K
1430,POP001L12P,POP002L09P
1430,POP001L12P,POV005L04P
1430,POP001L12P,SE200G24P
1430,POP001L12P,SE500G24P
1430,POP001L12P,MAHS025K
1430,POP001L12P,SOP001L12P
1430,POP001L12P,SO0500M24P
1430,POP500M24P,ATN01K24P
1430,POP500M24P,AT5X5K
1430,POP500M24P,POP005L04P
1430,POP500M24P,ATWWP001K24P
1430,POP500M24P,MASR025K
1430,POP500M24P,POP002L09P
1430,POP500M24P,POV005L04P
1430,POP500M24P,SE200G24P
1430,POP500M24P,SE500G24P
1430,POP500M24P,MAHS025K
1430,POP500M24P,SOP001L12P
1430,POP500M24P,SO0500M24P
1430,ATN01K24P,AT5X5K
1430,ATN01K24P,POP005L04P
1430,ATN01K24P,ATWWP001K24P
1430,ATN01K24P,MASR025K
1430,ATN01K24P,POP002L09P
1430,ATN01K24P,POV005L04P
1430,ATN01K24P,SE200G24P
1430,ATN01K24P,SE500G24P
1430,ATN01K24P,MAHS025K
1430,ATN01K24P,SOP001L12P
1430,ATN01K24P,SO0500M24P
1430,AT5X5K,POP005L04P
1430,AT5X5K,ATWWP001K24P
1430,AT5X5K,MASR025K
1430,AT5X5K,POP002L09P
1430,AT5X5K,POV005L04P
1430,AT5X5K,SE200G24P
1430,AT5X5K,SE500G24P
1430,AT5X5K,MAHS025K
1430,AT5X5K,SOP001L12P
1430,AT5X5K,SO0500M24P
1430,POP005L04P,ATWWP001K24P
1430,POP005L04P,MASR025K
1430,POP005L04P,POP002L09P
1430,POP005L04P,POV005L04P
1430,POP005L04P,SE200G24P
1430,POP005L04P,SE500G24P
1430,POP005L04P,MAHS025K
1430,POP005L04P,SOP001L12P
1430,POP005L04P,SO0500M24P
1430,ATWWP001K24P,MASR025K
1430,ATWWP001K24P,POP002L09P
1430,ATWWP001K24P,POV005L04P
1430,ATWWP001K24P,SE200G24P
1430,ATWWP001K24P,SE500G24P
1430,ATWWP001K24P,MAHS025K
1430,ATWWP001K24P,SOP001L12P
1430,ATWWP001K24P,SO0500M24P
1430,MASR025K,POP002L09P
1430,MASR025K,POV005L04P
1430,MASR025K,SE200G24P
1430,MASR025K,SE500G24P
1430,MASR025K,MAHS025K
1430,MASR025K,SOP001L12P
1430,MASR025K,SO0500M24P
1430,POP002L09P,POV005L04P
1430,POP002L09P,SE200G24P
1430,POP002L09P,SE500G24P
1430,POP002L09P,MAHS025K
1430,POP002L09P,SOP001L12P
1430,POP002L09P,SO0500M24P
1430,POV005L04P,SE200G24P
1430,POV005L04P,SE500G24P
1430,POV005L04P,MAHS025K
1430,POV005L04P,SOP001L12P
1430,POV005L04P,SO0500M24P
1430,SE200G24P,SE500G24P
1430,SE200G24P,MAHS025K
1430,SE200G24P,SOP001L12P
1430,SE200G24P,SO0500M24P
1430,SE500G24P,MAHS025K
1430,SE500G24P,SOP001L12P
1430,SE500G24P,SO0500M24P
1430,MAHS025K,SOP001L12P
1430,MAHS025K,SO0500M24P
1430,SOP001L12P,SO0500M24P
1530,ATN01K24P,MAR01K24P
1530,ATN01K24P,SOS005L04P
1530,ATN01K24P,SOS001L12P
1530,ATN01K24P,SOS500M24P
1530,ATN01K24P,POP005L04P
1530,ATN01K24P,POP001L12P
1530,ATN01K24P,POP500M24P
1530,ATN01K24P,SOS002L09P
1530,ATN01K24P,ATWWP001K24P
1530,ATN01K24P,AT5X5K
1530,ATN01K24P,SOS003L04P
1530,ATN01K24P,POV005L04P
1530,ATN01K24P,POV001L24P
1530,ATN01K24P,POV500M24P
1530,ATN01K24P,SOS250M48P
1530,ATN01K24P,SOP001L12P
1530,ATN01K24P,SE500G24P
1530,ATN01K24P,SE200G24P
1530,ATN01K24P,POPF01L12P
1530,ATN01K24P,POV002L09P
1530,ATN01K24P,POP002L09P
1530,ATN01K24P,SOS008L02P
1530,ATN01K24P,MAPA1K24P
1530,ATN01K24P,MAC1K25P
1530,MAR01K24P,SOS005L04P
1530,MAR01K24P,SOS001L12P
1530,MAR01K24P,SOS500M24P
1530,MAR01K24P,POP005L04P
1530,MAR01K24P,POP001L12P
1530,MAR01K24P,POP500M24P
1530,MAR01K24P,SOS002L09P
1530,MAR01K24P,ATWWP001K24P
1530,MAR01K24P,AT5X5K
1530,MAR01K24P,SOS003L04P
1530,MAR01K24P,POV005L04P
1530,MAR01K24P,POV001L24P
1530,MAR01K24P,POV500M24P
1530,MAR01K24P,SOS250M48P
1530,MAR01K24P,SOP001L12P
1530,MAR01K24P,SE500G24P
1530,MAR01K24P,SE200G24P
1530,MAR01K24P,POPF01L12P
1530,MAR01K24P,POV002L09P
1530,MAR01K24P,POP002L09P
1530,MAR01K24P,SOS008L02P
1530,MAR01K24P,MAPA1K24P
1530,MAR01K24P,MAC1K25P
1530,SOS005L04P,SOS001L12P
1530,SOS005L04P,SOS500M24P
1530,SOS005L04P,POP005L04P
1530,SOS005L04P,POP001L12P
1530,SOS005L04P,POP500M24P
1530,SOS005L04P,SOS002L09P
1530,SOS005L04P,ATWWP001K24P
1530,SOS005L04P,AT5X5K
1530,SOS005L04P,SOS003L04P
1530,SOS005L04P,POV005L04P
1530,SOS005L04P,POV001L24P
1530,SOS005L04P,POV500M24P
1530,SOS005L04P,SOS250M48P
1530,SOS005L04P,SOP001L12P
1530,SOS005L04P,SE500G24P
1530,SOS005L04P,SE200G24P
1530,SOS005L04P,POPF01L12P
1530,SOS005L04P,POV002L09P
1530,SOS005L04P,POP002L09P
1530,SOS005L04P,SOS008L02P
1530,SOS005L04P,MAPA1K24P
1530,SOS005L04P,MAC1K25P
1530,SOS001L12P,SOS500M24P
1530,SOS001L12P,POP005L04P
1530,SOS001L12P,POP001L12P
1530,SOS001L12P,POP500M24P
1530,SOS001L12P,SOS002L09P
1530,SOS001L12P,ATWWP001K24P
1530,SOS001L12P,AT5X5K
1530,SOS001L12P,SOS003L04P
1530,SOS001L12P,POV005L04P
1530,SOS001L12P,POV001L24P
1530,SOS001L12P,POV500M24P
1530,SOS001L12P,SOS250M48P
1530,SOS001L12P,SOP001L12P
1530,SOS001L12P,SE500G24P
1530,SOS001L12P,SE200G24P
1530,SOS001L12P,POPF01L12P
1530,SOS001L12P,POV002L09P
1530,SOS001L12P,POP002L09P
1530,SOS001L12P,SOS008L02P
1530,SOS001L12P,MAPA1K24P
1530,SOS001L12P,MAC1K25P
1530,SOS500M24P,POP005L04P
1530,SOS500M24P,POP001L12P
1530,SOS500M24P,POP500M24P
1530,SOS500M24P,SOS002L09P
1530,SOS500M24P,ATWWP001K24P
1530,SOS500M24P,AT5X5K
1530,SOS500M24P,SOS003L04P
1530,SOS500M24P,POV005L04P
1530,SOS500M24P,POV001L24P
1530,SOS500M24P,POV500M24P
1530,SOS500M24P,SOS250M48P
1530,SOS500M24P,SOP001L12P
1530,SOS500M24P,SE500G24P
1530,SOS500M24P,SE200G24P
1530,SOS500M24P,POPF01L12P
1530,SOS500M24P,POV002L09P
1530,SOS500M24P,POP002L09P
1530,SOS500M24P,SOS008L02P
1530,SOS500M24P,MAPA1K24P
1530,SOS500M24P,MAC1K25P
1530,POP005L04P,POP001L12P
1530,POP005L04P,POP500M24P
1530,POP005L04P,SOS002L09P
1530,POP005L04P,ATWWP001K24P
1530,POP005L04P,AT5X5K
1530,POP005L04P,SOS003L04P
1530,POP005L04P,POV005L04P
1530,POP005L04P,POV001L24P
1530,POP005L04P,POV500M24P
1530,POP005L04P,SOS250M48P
1530,POP005L04P,SOP001L12P
1530,POP005L04P,SE500G24P
1530,POP005L04P,SE200G24P
1530,POP005L04P,POPF01L12P
1530,POP005L04P,POV002L09P
1530,POP005L04P,POP002L09P
1530,POP005L04P,SOS008L02P
1530,POP005L04P,MAPA1K24P
1530,POP005L04P,MAC1K25P
1530,POP001L12P,POP500M24P
1530,POP001L12P,SOS002L09P
1530,POP001L12P,ATWWP001K24P
1530,POP001L12P,AT5X5K
1530,POP001L12P,SOS003L04P
1530,POP001L12P,POV005L04P
1530,POP001L12P,POV001L24P
1530,POP001L12P,POV500M24P
1530,POP001L12P,SOS250M48P
1530,POP001L12P,SOP001L12P
1530,POP001L12P,SE500G24P
1530,POP001L12P,SE200G24P
1530,POP001L12P,POPF01L12P
1530,POP001L12P,POV002L09P
1530,POP001L12P,POP002L09P
1530,POP001L12P,SOS008L02P
1530,POP001L12P,MAPA1K24P
1530,POP001L12P,MAC1K25P
1530,POP500M24P,SOS002L09P
1530,POP500M24P,ATWWP001K24P
1530,POP500M24P,AT5X5K
1530,POP500M24P,SOS003L04P
1530,POP500M24P,POV005L04P
1530,POP500M24P,POV001L24P
1530,POP500M24P,POV500M24P
1530,POP500M24P,SOS250M48P
1530,POP500M24P,SOP001L12P
1530,POP500M24P,SE500G24P
1530,POP500M24P,SE200G24P
1530,POP500M24P,POPF01L12P
1530,POP500M24P,POV002L09P
1530,POP500M24P,POP002L09P
1530,POP500M24P,SOS008L02P
1530,POP500M24P,MAPA1K24P
1530,POP500M24P,MAC1K25P
1530,SOS002L09P,ATWWP001K24P
1530,SOS002L09P,AT5X5K
1530,SOS002L09P,SOS003L04P
1530,SOS002L09P,POV005L04P
1530,SOS002L09P,POV001L24P
1530,SOS002L09P,POV500M24P
1530,SOS002L09P,SOS250M48P
1530,SOS002L09P,SOP001L12P
1530,SOS002L09P,SE500G24P
1530,SOS002L09P,SE200G24P
1530,SOS002L09P,POPF01L12P
1530,SOS002L09P,POV002L09P
1530,SOS002L09P,POP002L09P
1530,SOS002L09P,SOS008L02P
1530,SOS002L09P,MAPA1K24P
1530,SOS002L09P,MAC1K25P
1530,ATWWP001K24P,AT5X5K
1530,ATWWP001K24P,SOS003L04P
1530,ATWWP001K24P,POV005L04P
1530,ATWWP001K24P,POV001L24P
1530,ATWWP001K24P,POV500M24P
1530,ATWWP001K24P,SOS250M48P
1530,ATWWP001K24P,SOP001L12P
1530,ATWWP001K24P,SE500G24P
1530,ATWWP001K24P,SE200G24P
1530,ATWWP001K24P,POPF01L12P
1530,ATWWP001K24P,POV002L09P
1530,ATWWP001K24P,POP002L09P
1530,ATWWP001K24P,SOS008L02P
1530,ATWWP001K24P,MAPA1K24P
1530,ATWWP001K24P,MAC1K25P
1530,AT5X5K,SOS003L04P
1530,AT5X5K,POV005L04P
1530,AT5X5K,POV001L24P
1530,AT5X5K,POV500M24P
1530,AT5X5K,SOS250M48P
1530,AT5X5K,SOP001L12P
1530,AT5X5K,SE500G24P
1530,AT5X5K,SE200G24P
1530,AT5X5K,POPF01L12P
1530,AT5X5K,POV002L09P
1530,AT5X5K,POP002L09P
1530,AT5X5K,SOS008L02P
1530,AT5X5K,MAPA1K24P
1530,AT5X5K,MAC1K25P
1530,SOS003L04P,POV005L04P
1530,SOS003L04P,POV001L24P
1530,SOS003L04P,POV500M24P
1530,SOS003L04P,SOS250M48P
1530,SOS003L04P,SOP001L12P
1530,SOS003L04P,SE500G24P
1530,SOS003L04P,SE200G24P
1530,SOS003L04P,POPF01L12P
1530,SOS003L04P,POV002L09P
1530,SOS003L04P,POP002L09P
1530,SOS003L04P,SOS008L02P
1530,SOS003L04P,MAPA1K24P
1530,SOS003L04P,MAC1K25P
1530,POV005L04P,POV001L24P
1530,POV005L04P,POV500M24P
1530,POV005L04P,SOS250M48P
1530,POV005L04P,SOP001L12P
1530,POV005L04P,SE500G24P
1530,POV005L04P,SE200G24P
1530,POV005L04P,POPF01L12P
1530,POV005L04P,POV002L09P
1530,POV005L04P,POP002L09P
1530,POV005L04P,SOS008L02P
1530,POV005L04P,MAPA1K24P
1530,POV005L04P,MAC1K25P
1530,POV001L24P,POV500M24P
1530,POV001L24P,SOS250M48P
1530,POV001L24P,SOP001L12P
1530,POV001L24P,SE500G24P
1530,POV001L24P,SE200G24P
1530,POV001L24P,POPF01L12P
1530,POV001L24P,POV002L09P
1530,POV001L24P,POP002L09P
1530,POV001L24P,SOS008L02P
1530,POV001L24P,MAPA1K24P
1530,POV001L24P,MAC1K25P
1530,POV500M24P,SOS250M48P
1530,POV500M24P,SOP001L12P
1530,POV500M24P,SE500G24P
1530,POV500M24P,SE200G24P
1530,POV500M24P,POPF01L12P
1530,POV500M24P,POV002L09P
1530,POV500M24P,POP002L09P
1530,POV500M24P,SOS008L02P
1530,POV500M24P,MAPA1K24P
1530,POV500M24P,MAC1K25P
1530,SOS250M48P,SOP001L12P
1530,SOS250M48P,SE500G24P
1530,SOS250M48P,SE200G24P
1530,SOS250M48P,POPF01L12P
1530,SOS250M48P,POV002L09P
1530,SOS250M48P,POP002L09P
1530,SOS250M48P,SOS008L02P
1530,SOS250M48P,MAPA1K24P
1530,SOS250M48P,MAC1K25P
1530,SOP001L12P,SE500G24P
1530,SOP001L12P,SE200G24P
1530,SOP001L12P,POPF01L12P
1530,SOP001L12P,POV002L09P
1530,SOP001L12P,POP002L09P
1530,SOP001L12P,SOS008L02P
1530,SOP001L12P,MAPA1K24P
1530,SOP001L12P,MAC1K25P
1530,SE500G24P,SE200G24P
1530,SE500G24P,POPF01L12P
1530,SE500G24P,POV002L09P
1530,SE500G24P,POP002L09P
1530,SE500G24P,SOS008L02P
1530,SE500G24P,MAPA1K24P
1530,SE500G24P,MAC1K25P
1530,SE200G24P,POPF01L12P
1530,SE200G24P,POV002L09P
1530,SE200G24P,POP002L09P
1530,SE200G24P,SOS008L02P
1530,SE200G24P,MAPA1K24P
1530,SE200G24P,MAC1K25P
1530,POPF01L12P,POV002L09P
1530,POPF01L12P,POP002L09P
1530,POPF01L12P,SOS008L02P
1530,POPF01L12P,MAPA1K24P
1530,POPF01L12P,MAC1K25P
1530,POV002L09P,POP002L09P
1530,POV002L09P,SOS008L02P
1530,POV002L09P,MAPA1K24P
1530,POV002L09P,MAC1K25P
1530,POP002L09P,SOS008L02P
1530,POP002L09P,MAPA1K24P
1530,POP002L09P,MAC1K25P
1530,SOS008L02P,MAPA1K24P
1530,SOS008L02P,MAC1K25P
1530,MAPA1K24P,MAC1K25P
1630,ATN01K24P,SE500G24P
1630,ATN01K24P,SOS005L04P
1630,ATN01K24P,SOS001L12P
1630,ATN01K24P,POP001L12P
1630,ATN01K24P,SOS003L04P
1630,ATN01K24P,POV005L04P
1630,ATN01K24P,POV500M24P
1630,ATN01K24P,AT5X5K
1630,ATN01K24P,POP500M24P
1630,ATN01K24P,SOS500M24P
1630,ATN01K24P,SOS002L09P
1630,ATN01K24P,ATN02K12P
1630,ATN01K24P,POV002L09P
1630,ATN01K24P,POV001L24P
1630,ATN01K24P,POP002L09P
1630,ATN01K24P,POP005L04P
1630,ATN01K24P,MAR01K24P
1630,SE500G24P,SOS005L04P
1630,SE500G24P,SOS001L12P
1630,SE500G24P,POP001L12P
1630,SE500G24P,SOS003L04P
1630,SE500G24P,POV005L04P
1630,SE500G24P,POV500M24P
1630,SE500G24P,AT5X5K
1630,SE500G24P,POP500M24P
1630,SE500G24P,SOS500M24P
1630,SE500G24P,SOS002L09P
1630,SE500G24P,ATN02K12P
1630,SE500G24P,POV002L09P
1630,SE500G24P,POV001L24P
1630,SE500G24P,POP002L09P
1630,SE500G24P,POP005L04P
1630,SE500G24P,MAR01K24P
1630,SOS005L04P,SOS001L12P
1630,SOS005L04P,POP001L12P
1630,SOS005L04P,SOS003L04P
1630,SOS005L04P,POV005L04P
1630,SOS005L04P,POV500M24P
1630,SOS005L04P,AT5X5K
1630,SOS005L04P,POP500M24P
1630,SOS005L04P,SOS500M24P
1630,SOS005L04P,SOS002L09P
1630,SOS005L04P,ATN02K12P
1630,SOS005L04P,POV002L09P
1630,SOS005L04P,POV001L24P
1630,SOS005L04P,POP002L09P
1630,SOS005L04P,POP005L04P
1630,SOS005L04P,MAR01K24P
1630,SOS001L12P,POP001L12P
1630,SOS001L12P,SOS003L04P
1630,SOS001L12P,POV005L04P
1630,SOS001L12P,POV500M24P
1630,SOS001L12P,AT5X5K
1630,SOS001L12P,POP500M24P
1630,SOS001L12P,SOS500M24P
1630,SOS001L12P,SOS002L09P
1630,SOS001L12P,ATN02K12P
1630,SOS001L12P,POV002L09P
1630,SOS001L12P,POV001L24P
1630,SOS001L12P,POP002L09P
1630,SOS001L12P,POP005L04P
1630,SOS001L12P,MAR01K24P
1630,POP001L12P,SOS003L04P
1630,POP001L12P,POV005L04P
1630,POP001L12P,POV500M24P
1630,POP001L12P,AT5X5K
1630,POP001L12P,POP500M24P
1630,POP001L12P,SOS500M24P
1630,POP001L12P,SOS002L09P
1630,POP001L12P,ATN02K12P
1630,POP001L12P,POV002L09P
1630,POP001L12P,POV001L24P
1630,POP001L12P,POP002L09P
1630,POP001L12P,POP005L04P
1630,POP001L12P,MAR01K24P
1630,SOS003L04P,POV005L04P
1630,SOS003L04P,POV500M24P
1630,SOS003L04P,AT5X5K
1630,SOS003L04P,POP500M24P
1630,SOS003L04P,SOS500M24P
1630,SOS003L04P,SOS002L09P
1630,SOS003L04P,ATN02K12P
1630,SOS003L04P,POV002L09P
1630,SOS003L04P,POV001L24P
1630,SOS003L04P,POP002L09P
1630,SOS003L04P,POP005L04P
1630,SOS003L04P,MAR01K24P
1630,POV005L04P,POV500M24P
1630,POV005L04P,AT5X5K
1630,POV005L04P,POP500M24P
1630,POV005L04P,SOS500M24P
1630,POV005L04P,SOS002L09P
1630,POV005L04P,ATN02K12P
1630,POV005L04P,POV002L09P
1630,POV005L04P,POV001L24P
1630,POV005L04P,POP002L09P
1630,POV005L04P,POP005L04P
1630,POV005L04P,MAR01K24P
1630,POV500M24P,AT5X5K
1630,POV500M24P,POP500M24P
1630,POV500M24P,SOS500M24P
1630,POV500M24P,SOS002L09P
1630,POV500M24P,ATN02K12P
1630,POV500M24P,POV002L09P
1630,POV500M24P,POV001L24P
1630,POV500M24P,POP002L09P
1630,POV500M24P,POP005L04P
1630,POV500M24P,MAR01K24P
1630,AT5X5K,POP500M24P
1630,AT5X5K,SOS500M24P
1630,AT5X5K,SOS002L09P
1630,AT5X5K,ATN02K12P
1630,AT5X5K,POV002L09P
1630,AT5X5K,POV001L24P
1630,AT5X5K,POP002L09P
1630,AT5X5K,POP005L04P
1630,AT5X5K,MAR01K24P
1630,POP500M24P,SOS500M24P
1630,POP500M24P,SOS002L09P
1630,POP500M24P,ATN02K12P
1630,POP500M24P,POV002L09P
1630,POP500M24P,POV001L24P
1630,POP500M24P,POP002L09P
1630,POP500M24P,POP005L04P
1630,POP500M24P,MAR01K24P
1630,SOS500M24P,SOS002L09P
1630,SOS500M24P,ATN02K12P
1630,SOS500M24P,POV002L09P
1630,SOS500M24P,POV001L24P
1630,SOS500M24P,POP002L09P
1630,SOS500M24P,POP005L04P
1630,SOS500M24P,MAR01K24P
1630,SOS002L09P,ATN02K12P
1630,SOS002L09P,POV002L09P
1630,SOS002L09P,POV001L24P
1630,SOS002L09P,POP002L09P
1630,SOS002L09P,POP005L04P
1630,SOS002L09P,MAR01K24P
1630,ATN02K12P,POV002L09P
1630,ATN02K12P,POV001L24P
1630,ATN02K12P,POP002L09P
1630,ATN02K12P,POP005L04P
1630,ATN02K12P,MAR01K24P
1630,POV002L09P,POV001L24P
1630,POV002L09P,POP002L09P
1630,POV002L09P,POP005L04P
1630,POV002L09P,MAR01K24P
1630,POV001L24P,POP002L09P
1630,POV001L24P,POP005L04P
1630,POV001L24P,MAR01K24P
1630,POP002L09P,POP005L04P
1630,POP002L09P,MAR01K24P
1630,POP005L04P,MAR01K24P
1730,ATN01K24P,SOS001L12P
1730,ATN01K24P,SOS002L09P
1730,ATN01K24P,POP001L12P
1730,ATN01K24P,SOS005L04P
1730,ATN01K24P,SOS500M24P
1730,ATN01K24P,ATWWP001K24P
1730,ATN01K24P,SOS250M48P
1730,ATN01K24P,POV500M24P
1730,ATN01K24P,POP500M24P
1730,ATN01K24P,SOS003L04P
1730,ATN01K24P,SOP001L12P
1730,ATN01K24P,POV001L24P
1730,ATN01K24P,SE500G24P
1730,ATN01K24P,POV005L04P
1730,ATN01K24P,POV002L09P
1730,ATN01K24P,MAR01K24P
1730,ATN01K24P,AT5X5K
1730,ATN01K24P,POP005L04P
1730,ATN01K24P,POP002L09P
1730,ATN01K24P,ATN02K12P
1730,ATN01K24P,SOS008L02P
1730,SOS001L12P,SOS002L09P
1730,SOS001L12P,POP001L12P
1730,SOS001L12P,SOS005L04P
1730,SOS001L12P,SOS500M24P
1730,SOS001L12P,ATWWP001K24P
1730,SOS001L12P,SOS250M48P
1730,SOS001L12P,POV500M24P
1730,SOS001L12P,POP500M24P
1730,SOS001L12P,SOS003L04P
1730,SOS001L12P,SOP001L12P
1730,SOS001L12P,POV001L24P
1730,SOS001L12P,SE500G24P
1730,SOS001L12P,POV005L04P
1730,SOS001L12P,POV002L09P
1730,SOS001L12P,MAR01K24P
1730,SOS001L12P,AT5X5K
1730,SOS001L12P,POP005L04P
1730,SOS001L12P,POP002L09P
1730,SOS001L12P,ATN02K12P
1730,SOS001L12P,SOS008L02P
1730,SOS002L09P,POP001L12P
1730,SOS002L09P,SOS005L04P
1730,SOS002L09P,SOS500M24P
1730,SOS002L09P,ATWWP001K24P
1730,SOS002L09P,SOS250M48P
1730,SOS002L09P,POV500M24P
1730,SOS002L09P,POP500M24P
1730,SOS002L09P,SOS003L04P
1730,SOS002L09P,SOP001L12P
1730,SOS002L09P,POV001L24P
1730,SOS002L09P,SE500G24P
1730,SOS002L09P,POV005L04P
1730,SOS002L09P,POV002L09P
1730,SOS002L09P,MAR01K24P
1730,SOS002L09P,AT5X5K
1730,SOS002L09P,POP005L04P
1730,SOS002L09P,POP002L09P
1730,SOS002L09P,ATN02K12P
1730,SOS002L09P,SOS008L02P
1730,POP001L12P,SOS005L04P
1730,POP001L12P,SOS500M24P
1730,POP001L12P,ATWWP001K24P
1730,POP001L12P,SOS250M48P
1730,POP001L12P,POV500M24P
1730,POP001L12P,POP500M24P
1730,POP001L12P,SOS003L04P
1730,POP001L12P,SOP001L12P
1730,POP001L12P,POV001L24P
1730,POP001L12P,SE500G24P
1730,POP001L12P,POV005L04P
1730,POP001L12P,POV002L09P
1730,POP001L12P,MAR01K24P
1730,POP001L12P,AT5X5K
1730,POP001L12P,POP005L04P
1730,POP001L12P,POP002L09P
1730,POP001L12P,ATN02K12P
1730,POP001L12P,SOS008L02P
1730,SOS005L04P,SOS500M24P
1730,SOS005L04P,ATWWP001K24P
1730,SOS005L04P,SOS250M48P
1730,SOS005L04P,POV500M24P
1730,SOS005L04P,POP500M24P
1730,SOS005L04P,SOS003L04P
1730,SOS005L04P,SOP001L12P
1730,SOS005L04P,POV001L24P
1730,SOS005L04P,SE500G24P
1730,SOS005L04P,POV005L04P
1730,SOS005L04P,POV002L09P
1730,SOS005L04P,MAR01K24P
1730,SOS005L04P,AT5X5K
1730,SOS005L04P,POP005L04P
1730,SOS005L04P,POP002L09P
1730,SOS005L04P,ATN02K12P
1730,SOS005L04P,SOS008L02P
1730,SOS500M24P,ATWWP001K24P
1730,SOS500M24P,SOS250M48P
1730,SOS500M24P,POV500M24P
1730,SOS500M24P,POP500M24P
1730,SOS500M24P,SOS003L04P
1730,SOS500M24P,SOP001L12P
1730,SOS500M24P,POV001L24P
1730,SOS500M24P,SE500G24P
1730,SOS500M24P,POV005L04P
1730,SOS500M24P,POV002L09P
1730,SOS500M24P,MAR01K24P
1730,SOS500M24P,AT5X5K
1730,SOS500M24P,POP005L04P
1730,SOS500M24P,POP002L09P
1730,SOS500M24P,ATN02K12P
1730,SOS500M24P,SOS008L02P
1730,ATWWP001K24P,SOS250M48P
1730,ATWWP001K24P,POV500M24P
1730,ATWWP001K24P,POP500M24P
1730,ATWWP001K24P,SOS003L04P
1730,ATWWP001K24P,SOP001L12P
1730,ATWWP001K24P,POV001L24P
1730,ATWWP001K24P,SE500G24P
1730,ATWWP001K24P,POV005L04P
1730,ATWWP001K24P,POV002L09P
1730,ATWWP001K24P,MAR01K24P
1730,ATWWP001K24P,AT5X5K
1730,ATWWP001K24P,POP005L04P
1730,ATWWP001K24P,POP002L09P
1730,ATWWP001K24P,ATN02K12P
1730,ATWWP001K24P,SOS008L02P
1730,SOS250M48P,POV500M24P
1730,SOS250M48P,POP500M24P
1730,SOS250M48P,SOS003L04P
1730,SOS250M48P,SOP001L12P
1730,SOS250M48P,POV001L24P
1730,SOS250M48P,SE500G24P
1730,SOS250M48P,POV005L04P
1730,SOS250M48P,POV002L09P
1730,SOS250M48P,MAR01K24P
1730,SOS250M48P,AT5X5K
1730,SOS250M48P,POP005L04P
1730,SOS250M48P,POP002L09P
1730,SOS250M48P,ATN02K12P
1730,SOS250M48P,SOS008L02P
1730,POV500M24P,POP500M24P
1730,POV500M24P,SOS003L04P
1730,POV500M24P,SOP001L12P
1730,POV500M24P,POV001L24P
1730,POV500M24P,SE500G24P
1730,POV500M24P,POV005L04P
1730,POV500M24P,POV002L09P
1730,POV500M24P,MAR01K24P
1730,POV500M24P,AT5X5K
1730,POV500M24P,POP005L04P
1730,POV500M24P,POP002L09P
1730,POV500M24P,ATN02K12P
1730,POV500M24P,SOS008L02P
1730,POP500M24P,SOS003L04P
1730,POP500M24P,SOP001L12P
1730,POP500M24P,POV001L24P
1730,POP500M24P,SE500G24P
1730,POP500M24P,POV005L04P
1730,POP500M24P,POV002L09P
1730,POP500M24P,MAR01K24P
1730,POP500M24P,AT5X5K
1730,POP500M24P,POP005L04P
1730,POP500M24P,POP002L09P
1730,POP500M24P,ATN02K12P
1730,POP500M24P,SOS008L02P
1730,SOS003L04P,SOP001L12P
1730,SOS003L04P,POV001L24P
1730,SOS003L04P,SE500G24P
1730,SOS003L04P,POV005L04P
1730,SOS003L04P,POV002L09P
1730,SOS003L04P,MAR01K24P
1730,SOS003L04P,AT5X5K
1730,SOS003L04P,POP005L04P
1730,SOS003L04P,POP002L09P
1730,SOS003L04P,ATN02K12P
1730,SOS003L04P,SOS008L02P
1730,SOP001L12P,POV001L24P
1730,SOP001L12P,SE500G24P
1730,SOP001L12P,POV005L04P
1730,SOP001L12P,POV002L09P
1730,SOP001L12P,MAR01K24P
1730,SOP001L12P,AT5X5K
1730,SOP001L12P,POP005L04P
1730,SOP001L12P,POP002L09P
1730,SOP001L12P,ATN02K12P
1730,SOP001L12P,SOS008L02P
1730,POV001L24P,SE500G24P
1730,POV001L24P,POV005L04P
1730,POV001L24P,POV002L09P
1730,POV001L24P,MAR01K24P
1730,POV001L24P,AT5X5K
1730,POV001L24P,POP005L04P
1730,POV001L24P,POP002L09P
1730,POV001L24P,ATN02K12P
1730,POV001L24P,SOS008L02P
1730,SE500G24P,POV005L04P
1730,SE500G24P,POV002L09P
1730,SE500G24P,MAR01K24P
1730,SE500G24P,AT5X5K
1730,SE500G24P,POP005L04P
1730,SE500G24P,POP002L09P
1730,SE500G24P,ATN02K12P
1730,SE500G24P,SOS008L02P
1730,POV005L04P,POV002L09P
1730,POV005L04P,MAR01K24P
1730,POV005L04P,AT5X5K
1730,POV005L04P,POP005L04P
1730,POV005L04P,POP002L09P
1730,POV005L04P,ATN02K12P
1730,POV005L04P,SOS008L02P
1730,POV002L09P,MAR01K24P
1730,POV002L09P,AT5X5K
1730,POV002L09P,POP005L04P
1730,POV002L09P,POP002L09P
1730,POV002L09P,ATN02K12P
1730,POV002L09P,SOS008L02P
1730,MAR01K24P,AT5X5K
1730,MAR01K24P,POP005L04P
1730,MAR01K24P,POP002L09P
1730,MAR01K24P,ATN02K12P
1730,MAR01K24P,SOS008L02P
1730,AT5X5K,POP005L04P
1730,AT5X5K,POP002L09P
1730,AT5X5K,ATN02K12P
1730,AT5X5K,SOS008L02P
1730,POP005L04P,POP002L09P
1730,POP005L04P,ATN02K12P
1730,POP005L04P,SOS008L02P
1730,POP002L09P,ATN02K12P
1730,POP002L09P,SOS008L02P
1730,ATN02K12P,SOS008L02P
1830,ATN01K24P,POV001L24P
1830,ATN01K24P,SOS002L09P
1830,ATN01K24P,MAR01K24P
1830,ATN01K24P,ATN02K12P
1830,ATN01K24P,SOS005L04P
1830,ATN01K24P,SOS001L12P
1830,ATN01K24P,SOS500M24P
1830,ATN01K24P,POP001L12P
1830,ATN01K24P,POP500M24P
1830,ATN01K24P,SE500G24P
1830,ATN01K24P,POPF01L12P
1830,ATN01K24P,POP002L09P
1830,ATN01K24P,ATWWP001K24P
1830,ATN01K24P,SOS003L04P
1830,ATN01K24P,POV500M24P
1830,ATN01K24P,POV002L09P
1830,ATN01K24P,POV005L04P
1830,ATN01K24P,AT5X5K
1830,ATN01K24P,SE200G24P
1830,POV001L24P,SOS002L09P
1830,POV001L24P,MAR01K24P
1830,POV001L24P,ATN02K12P
1830,POV001L24P,SOS005L04P
1830,POV001L24P,SOS001L12P
1830,POV001L24P,SOS500M24P
1830,POV001L24P,POP001L12P
1830,POV001L24P,POP500M24P
1830,POV001L24P,SE500G24P
1830,POV001L24P,POPF01L12P
1830,POV001L24P,POP002L09P
1830,POV001L24P,ATWWP001K24P
1830,POV001L24P,SOS003L04P
1830,POV001L24P,POV500M24P
1830,POV001L24P,POV002L09P
1830,POV001L24P,POV005L04P
1830,POV001L24P,AT5X5K
1830,POV001L24P,SE200G24P
1830,SOS002L09P,MAR01K24P
1830,SOS002L09P,ATN02K12P
1830,SOS002L09P,SOS005L04P
1830,SOS002L09P,SOS001L12P
1830,SOS002L09P,SOS500M24P
1830,SOS002L09P,POP001L12P
1830,SOS002L09P,POP500M24P
1830,SOS002L09P,SE500G24P
1830,SOS002L09P,POPF01L12P
1830,SOS002L09P,POP002L09P
1830,SOS002L09P,ATWWP001K24P
1830,SOS002L09P,SOS003L04P
1830,SOS002L09P,POV500M24P
1830,SOS002L09P,POV002L09P
1830,SOS002L09P,POV005L04P
1830,SOS002L09P,AT5X5K
1830,SOS002L09P,SE200G24P
1830,MAR01K24P,ATN02K12P
1830,MAR01K24P,SOS005L04P
1830,MAR01K24P,SOS001L12P
1830,MAR01K24P,SOS500M24P
1830,MAR01K24P,POP001L12P
1830,MAR01K24P,POP500M24P
1830,MAR01K24P,SE500G24P
1830,MAR01K24P,POPF01L12P
1830,MAR01K24P,POP002L09P
1830,MAR01K24P,ATWWP001K24P
1830,MAR01K24P,SOS003L04P
1830,MAR01K24P,POV500M24P
1830,MAR01K24P,POV002L09P
1830,MAR01K24P,POV005L04P
1830,MAR01K24P,AT5X5K
1830,MAR01K24P,SE200G24P
1830,ATN02K12P,SOS005L04P
1830,ATN02K12P,SOS001L12P
1830,ATN02K12P,SOS500M24P
1830,ATN02K12P,POP001L12P
1830,ATN02K12P,POP500M24P
1830,ATN02K12P,SE500G24P
1830,ATN02K12P,POPF01L12P
1830,ATN02K12P,POP002L09P
1830,ATN02K12P,ATWWP001K24P
1830,ATN02K12P,SOS003L04P
1830,ATN02K12P,POV500M24P
1830,ATN02K12P,POV002L09P
1830,ATN02K12P,POV005L04P
1830,ATN02K12P,AT5X5K
1830,ATN02K12P,SE200G24P
1830,SOS005L04P,SOS001L12P
1830,SOS005L04P,SOS500M24P
1830,SOS005L04P,POP001L12P
1830,SOS005L04P,POP500M24P
1830,SOS005L04P,SE500G24P
1830,SOS005L04P,POPF01L12P
1830,SOS005L04P,POP002L09P
1830,SOS005L04P,ATWWP001K24P
1830,SOS005L04P,SOS003L04P
1830,SOS005L04P,POV500M24P
1830,SOS005L04P,POV002L09P
1830,SOS005L04P,POV005L04P
1830,SOS005L04P,AT5X5K
1830,SOS005L04P,SE200G24P
1830,SOS001L12P,SOS500M24P
1830,SOS001L12P,POP001L12P
1830,SOS001L12P,POP500M24P
1830,SOS001L12P,SE500G24P
1830,SOS001L12P,POPF01L12P
1830,SOS001L12P,POP002L09P
1830,SOS001L12P,ATWWP001K24P
1830,SOS001L12P,SOS003L04P
1830,SOS001L12P,POV500M24P
1830,SOS001L12P,POV002L09P
1830,SOS001L12P,POV005L04P
1830,SOS001L12P,AT5X5K
1830,SOS001L12P,SE200G24P
1830,SOS500M24P,POP001L12P
1830,SOS500M24P,POP500M24P
1830,SOS500M24P,SE500G24P
1830,SOS500M24P,POPF01L12P
1830,SOS500M24P,POP002L09P
1830,SOS500M24P,ATWWP001K24P
1830,SOS500M24P,SOS003L04P
1830,SOS500M24P,POV500M24P
1830,SOS500M24P,POV002L09P
1830,SOS500M24P,POV005L04P
1830,SOS500M24P,AT5X5K
1830,SOS500M24P,SE200G24P
1830,POP001L12P,POP500M24P
1830,POP001L12P,SE500G24P
1830,POP001L12P,POPF01L12P
1830,POP001L12P,POP002L09P
1830,POP001L12P,ATWWP001K24P
1830,POP001L12P,SOS003L04P
1830,POP001L12P,POV500M24P
1830,POP001L12P,POV002L09P
1830,POP001L12P,POV005L04P
1830,POP001L12P,AT5X5K
1830,POP001L12P,SE200G24P
1830,POP500M24P,SE500G24P
1830,POP500M24P,POPF01L12P
1830,POP500M24P,POP002L09P
1830,POP500M24P,ATWWP001K24P
1830,POP500M24P,SOS003L04P
1830,POP500M24P,POV500M24P
1830,POP500M24P,POV002L09P
1830,POP500M24P,POV005L04P
1830,POP500M24P,AT5X5K
1830,POP500M24P,SE200G24P
1830,SE500G24P,POPF01L12P
1830,SE500G24P,POP002L09P
1830,SE500G24P,ATWWP001K24P
1830,SE500G24P,SOS003L04P
1830,SE500G24P,POV500M24P
1830,SE500G24P,POV002L09P
1830,SE500G24P,POV005L04P
1830,SE500G24P,AT5X5K
1830,SE500G24P,SE200G24P
1830,POPF01L12P,POP002L09P
1830,POPF01L12P,ATWWP001K24P
1830,POPF01L12P,SOS003L04P
1830,POPF01L12P,POV500M24P
1830,POPF01L12P,POV002L09P
1830,POPF01L12P,POV005L04P
1830,POPF01L12P,AT5X5K
1830,POPF01L12P,SE200G24P
1830,POP002L09P,ATWWP001K24P
1830,POP002L09P,SOS003L04P
1830,POP002L09P,POV500M24P
1830,POP002L09P,POV002L09P
1830,POP002L09P,POV005L04P
1830,POP002L09P,AT5X5K
1830,POP002L09P,SE200G24P
1830,ATWWP001K24P,SOS003L04P
1830,ATWWP001K24P,POV500M24P
1830,ATWWP001K24P,POV002L09P
1830,ATWWP001K24P,POV005L04P
1830,ATWWP001K24P,AT5X5K
1830,ATWWP001K24P,SE200G24P
1830,SOS003L04P,POV500M24P
1830,SOS003L04P,POV002L09P
1830,SOS003L04P,POV005L04P
1830,SOS003L04P,AT5X5K
1830,SOS003L04P,SE200G24P
1830,POV500M24P,POV002L09P
1830,POV500M24P,POV005L04P
1830,POV500M24P,AT5X5K
1830,POV500M24P,SE200G24P
1830,POV002L09P,POV005L04P
1830,POV002L09P,AT5X5K
1830,POV002L09P,SE200G24P
1830,POV005L04P,AT5X5K
1830,POV005L04P,SE200G24P
1830,AT5X5K,SE200G24P
1930,SOS002L09P,SOS005L04P
1930,SOS002L09P,SOS001L12P
1930,SOS002L09P,SOS500M24P
1930,SOS002L09P,POP500M24P
1930,SOS002L09P,POV001L24P
1930,SOS002L09P,SOS250M48P
1930,SOS002L09P,ATN01K24P
1930,SOS002L09P,SOS008L02P
1930,SOS002L09P,MAR01K24P
1930,SOS002L09P,SOS003L04P
1930,SOS002L09P,SE500G24P
1930,SOS002L09P,SE200G24P
1930,SOS002L09P,POP001L12P
1930,SOS002L09P,MAHS025K
1930,SOS002L09P,POV002L09P
1930,SOS002L09P,POV500M24P
1930,SOS002L09P,POV005L04P
1930,SOS002L09P,POP002L09P
1930,SOS002L09P,AT5X5K
1930,SOS002L09P,MASR025K
1930,SOS002L09P,SO0005L04P
1930,SOS002L09P,SO0002L09P
1930,SOS002L09P,SO0001L12P
1930,SOS005L04P,SOS001L12P
1930,SOS005L04P,SOS500M24P
1930,SOS005L04P,POP500M24P
1930,SOS005L04P,POV001L24P
1930,SOS005L04P,SOS250M48P
1930,SOS005L04P,ATN01K24P
1930,SOS005L04P,SOS008L02P
1930,SOS005L04P,MAR01K24P
1930,SOS005L04P,SOS003L04P
1930,SOS005L04P,SE500G24P
1930,SOS005L04P,SE200G24P
1930,SOS005L04P,POP001L12P
1930,SOS005L04P,MAHS025K
1930,SOS005L04P,POV002L09P
1930,SOS005L04P,POV500M24P
1930,SOS005L04P,POV005L04P
1930,SOS005L04P,POP002L09P
1930,SOS005L04P,AT5X5K
1930,SOS005L04P,MASR025K
1930,SOS005L04P,SO0005L04P
1930,SOS005L04P,SO0002L09P
1930,SOS005L04P,SO0001L12P
1930,SOS001L12P,SOS500M24P
1930,SOS001L12P,POP500M24P
1930,SOS001L12P,POV001L24P
1930,SOS001L12P,SOS250M48P
1930,SOS001L12P,ATN01K24P
1930,SOS001L12P,SOS008L02P
1930,SOS001L12P,MAR01K24P
1930,SOS001L12P,SOS003L04P
1930,SOS001L12P,SE500G24P
1930,SOS001L12P,SE200G24P
1930,SOS001L12P,POP001L12P
1930,SOS001L12P,MAHS025K
1930,SOS001L12P,POV002L09P
1930,SOS001L12P,POV500M24P
1930,SOS001L12P,POV005L04P
1930,SOS001L12P,POP002L09P
1930,SOS001L12P,AT5X5K
1930,SOS001L12P,MASR025K
1930,SOS001L12P,SO0005L04P
1930,SOS001L12P,SO0002L09P
1930,SOS001L12P,SO0001L12P
1930,SOS500M24P,POP500M24P
1930,SOS500M24P,POV001L24P
1930,SOS500M24P,SOS250M48P
1930,SOS500M24P,ATN01K24P
1930,SOS500M24P,SOS008L02P
1930,SOS500M24P,MAR01K24P
1930,SOS500M24P,SOS003L04P
1930,SOS500M24P,SE500G24P
1930,SOS500M24P,SE200G24P
1930,SOS500M24P,POP001L12P
1930,SOS500M24P,MAHS025K
1930,SOS500M24P,POV002L09P
1930,SOS500M24P,POV500M24P
1930,SOS500M24P,POV005L04P
1930,SOS500M24P,POP002L09P
1930,SOS500M24P,AT5X5K
1930,SOS500M24P,MASR025K
1930,SOS500M24P,SO0005L04P
1930,SOS500M24P,SO0002L09P
1930,SOS500M24P,SO0001L12P
1930,POP500M24P,POV001L24P
1930,POP500M24P,SOS250M48P
1930,POP500M24P,ATN01K24P
1930,POP500M24P,SOS008L02P
1930,POP500M24P,MAR01K24P
1930,POP500M24P,SOS003L04P
1930,POP500M24P,SE500G24P
1930,POP500M24P,SE200G24P
1930,POP500M24P,POP001L12P
1930,POP500M24P,MAHS025K
1930,POP500M24P,POV002L09P
1930,POP500M24P,POV500M24P
1930,POP500M24P,POV005L04P
1930,POP500M24P,POP002L09P
1930,POP500M24P,AT5X5K
1930,POP500M24P,MASR025K
1930,POP500M24P,SO0005L04P
1930,POP500M24P,SO0002L09P
1930,POP500M24P,SO0001L12P
1930,POV001L24P,SOS250M48P
1930,POV001L24P,ATN01K24P
1930,POV001L24P,SOS008L02P
1930,POV001L24P,MAR01K24P
1930,POV001L24P,SOS003L04P
1930,POV001L24P,SE500G24P
1930,POV001L24P,SE200G24P
1930,POV001L24P,POP001L12P
1930,POV001L24P,MAHS025K
1930,POV001L24P,POV002L09P
1930,POV001L24P,POV500M24P
1930,POV001L24P,POV005L04P
1930,POV001L24P,POP002L09P
1930,POV001L24P,AT5X5K
1930,POV001L24P,MASR025K
1930,POV001L24P,SO0005L04P
1930,POV001L24P,SO0002L09P
1930,POV001L24P,SO0001L12P
1930,SOS250M48P,ATN01K24P
1930,SOS250M48P,SOS008L02P
1930,SOS250M48P,MAR01K24P
1930,SOS250M48P,SOS003L04P
1930,SOS250M48P,SE500G24P
1930,SOS250M48P,SE200G24P
1930,SOS250M48P,POP001L12P
1930,SOS250M48P,MAHS025K
1930,SOS250M48P,POV002L09P
1930,SOS250M48P,POV500M24P
1930,SOS250M48P,POV005L04P
1930,SOS250M48P,POP002L09P
1930,SOS250M48P,AT5X5K
1930,SOS250M48P,MASR025K
1930,SOS250M48P,SO0005L04P
1930,SOS250M48P,SO0002L09P
1930,SOS250M48P,SO0001L12P
1930,ATN01K24P,SOS008L02P
1930,ATN01K24P,MAR01K24P
1930,ATN01K24P,SOS003L04P
1930,ATN01K24P,SE500G24P
1930,ATN01K24P,SE200G24P
1930,ATN01K24P,POP001L12P
1930,ATN01K24P,MAHS025K
1930,ATN01K24P,POV002L09P
1930,ATN01K24P,POV500M24P
1930,ATN01K24P,POV005L04P
1930,ATN01K24P,POP002L09P
1930,ATN01K24P,AT5X5K
1930,ATN01K24P,MASR025K
1930,ATN01K24P,SO0005L04P
1930,ATN01K24P,SO0002L09P
1930,ATN01K24P,SO0001L12P
1930,SOS008L02P,MAR01K24P
1930,SOS008L02P,SOS003L04P
1930,SOS008L02P,SE500G24P
1930,SOS008L02P,SE200G24P
1930,SOS008L02P,POP001L12P
1930,SOS008L02P,MAHS025K
1930,SOS008L02P,POV002L09P
1930,SOS008L02P,POV500M24P
1930,SOS008L02P,POV005L04P
1930,SOS008L02P,POP002L09P
1930,SOS008L02P,AT5X5K
1930,SOS008L02P,MASR025K
1930,SOS008L02P,SO0005L04P
1930,SOS008L02P,SO0002L09P
1930,SOS008L02P,SO0001L12P
1930,MAR01K24P,SOS003L04P
1930,MAR01K24P,SE500G24P
1930,MAR01K24P,SE200G24P
1930,MAR01K24P,POP001L12P
1930,MAR01K24P,MAHS025K
1930,MAR01K24P,POV002L09P
1930,MAR01K24P,POV500M24P
1930,MAR01K24P,POV005L04P
1930,MAR01K24P,POP002L09P
1930,MAR01K24P,AT5X5K
1930,MAR01K24P,MASR025K
1930,MAR01K24P,SO0005L04P
1930,MAR01K24P,SO0002L09P
1930,MAR01K24P,SO0001L12P
1930,SOS003L04P,SE500G24P
1930,SOS003L04P,SE200G24P
1930,SOS003L04P,POP001L12P
1930,SOS003L04P,MAHS025K
1930,SOS003L04P,POV002L09P
1930,SOS003L04P,POV500M24P
1930,SOS003L04P,POV005L04P
1930,SOS003L04P,POP002L09P
1930,SOS003L04P,AT5X5K
1930,SOS003L04P,MASR025K
1930,SOS003L04P,SO0005L04P
1930,SOS003L04P,SO0002L09P
1930,SOS003L04P,SO0001L12P
1930,SE500G24P,SE200G24P
1930,SE500G24P,POP001L12P
1930,SE500G24P,MAHS025K
1930,SE500G24P,POV002L09P
1930,SE500G24P,POV500M24P
1930,SE500G24P,POV005L04P
1930,SE500G24P,POP002L09P
1930,SE500G24P,AT5X5K
1930,SE500G24P,MASR025K
1930,SE500G24P,SO0005L04P
1930,SE500G24P,SO0002L09P
1930,SE500G24P,SO0001L12P
1930,SE200G24P,POP001L12P
1930,SE200G24P,MAHS025K
1930,SE200G24P,POV002L09P
1930,SE200G24P,POV500M24P
1930,SE200G24P,POV005L04P
1930,SE200G24P,POP002L09P
1930,SE200G24P,AT5X5K
1930,SE200G24P,MASR025K
1930,SE200G24P,SO0005L04P
1930,SE200G24P,SO0002L09P
1930,SE200G24P,SO0001L12P
1930,POP001L12P,MAHS025K
1930,POP001L12P,POV002L09P
1930,POP001L12P,POV500M24P
1930,POP001L12P,POV005L04P
1930,POP001L12P,POP002L09P
1930,POP001L12P,AT5X5K
1930,POP001L12P,MASR025K
1930,POP001L12P,SO0005L04P
1930,POP001L12P,SO0002L09P
1930,POP001L12P,SO0001L12P
1930,MAHS025K,POV002L09P
1930,MAHS025K,POV500M24P
1930,MAHS025K,POV005L04P
1930,MAHS025K,POP002L09P
1930,MAHS025K,AT5X5K
1930,MAHS025K,MASR025K
1930,MAHS025K,SO0005L04P
1930,MAHS025K,SO0002L09P
1930,MAHS025K,SO0001L12P
1930,POV002L09P,POV500M24P
1930,POV002L09P,POV005L04P
1930,POV002L09P,POP002L09P
1930,POV002L09P,AT5X5K
1930,POV002L09P,MASR025K
1930,POV002L09P,SO0005L04P
1930,POV002L09P,SO0002L09P
1930,POV002L09P,SO0001L12P
1930,POV500M24P,POV005L04P
1930,POV500M24P,POP002L09P
1930,POV500M24P,AT5X5K
1930,POV500M24P,MASR025K
1930,POV500M24P,SO0005L04P
1930,POV500M24P,SO0002L09P
1930,POV500M24P,SO0001L12P
1930,POV005L04P,POP002L09P
1930,POV005L04P,AT5X5K
1930,POV005L04P,MASR025K
1930,POV005L04P,SO0005L04P
1930,POV005L04P,SO0002L09P
1930,POV005L04P,SO0001L12P
1930,POP002L09P,AT5X5K
1930,POP002L09P,MASR025K
1930,POP002L09P,SO0005L04P
1930,POP002L09P,SO0002L09P
1930,POP002L09P,SO0001L12P
1930,AT5X5K,MASR025K
1930,AT5X5K,SO0005L04P
1930,AT5X5K,SO0002L09P
1930,AT5X5K,SO0001L12P
1930,MASR025K,SO0005L04P
1930,MASR025K,SO0002L09P
1930,MASR025K,SO0001L12P
1930,SO0005L04P,SO0002L09P
1930,SO0005L04P,SO0001L12P
1930,SO0002L09P,SO0001L12P
2030,POV002L09P,SOS001L12P
2030,POV002L09P,POP002L09P
2030,POV002L09P,POP001L12P
2030,POV002L09P,POV001L24P
2030,POV002L09P,SOS005L04P
2030,POV002L09P,POP500M24P
2030,POV002L09P,ATN01K24P
2030,POV002L09P,SOS008L02P
2030,POV002L09P,POV500M24P
2030,POV002L09P,SE500G24P
2030,POV002L09P,MAR01K24P
2030,POV002L09P,SOS002L09P
2030,POV002L09P,SE200G24P
2030,POV002L09P,ATWWP001K24P
2030,POV002L09P,SOS250M48P
2030,POV002L09P,SOS500M24P
2030,POV002L09P,SOS003L04P
2030,POV002L09P,AT5X5K
2030,POV002L09P,ATN02K12P
2030,POV002L09P,POV005L04P
2030,POV002L09P,POP005L04P
2030,POV002L09P,MASR025K
2030,POV002L09P,MAHS025K
2030,POV002L09P,POP015K
2030,POV002L09P,ATWWP002K12P
2030,POV002L09P,ATPPCH5X5K
2030,POV002L09P,EEA500G12P
2030,POV002L09P,EEA200G24P
2030,SOS001L12P,POP002L09P
2030,SOS001L12P,POP001L12P
2030,SOS001L12P,POV001L24P
2030,SOS001L12P,SOS005L04P
2030,SOS001L12P,POP500M24P
2030,SOS001L12P,ATN01K24P
2030,SOS001L12P,SOS008L02P
2030,SOS001L12P,POV500M24P
2030,SOS001L12P,SE500G24P
2030,SOS001L12P,MAR01K24P
2030,SOS001L12P,SOS002L09P
2030,SOS001L12P,SE200G24P
2030,SOS001L12P,ATWWP001K24P
2030,SOS001L12P,SOS250M48P
2030,SOS001L12P,SOS500M24P
2030,SOS001L12P,SOS003L04P
2030,SOS001L12P,AT5X5K
2030,SOS001L12P,ATN02K12P
2030,SOS001L12P,POV005L04P
2030,SOS001L12P,POP005L04P
2030,SOS001L12P,MASR025K
2030,SOS001L12P,MAHS025K
2030,SOS001L12P,POP015K
2030,SOS001L12P,ATWWP002K12P
2030,SOS001L12P,ATPPCH5X5K
2030,SOS001L12P,EEA500G12P
2030,SOS001L12P,EEA200G24P
2030,POP002L09P,POP001L12P
2030,POP002L09P,POV001L24P
2030,POP002L09P,SOS005L04P
2030,POP002L09P,POP500M24P
2030,POP002L09P,ATN01K24P
2030,POP002L09P,SOS008L02P
2030,POP002L09P,POV500M24P
2030,POP002L09P,SE500G24P
2030,POP002L09P,MAR01K24P
2030,POP002L09P,SOS002L09P
2030,POP002L09P,SE200G24P
2030,POP002L09P,ATWWP001K24P
2030,POP002L09P,SOS250M48P
2030,POP002L09P,SOS500M24P
2030,POP002L09P,SOS003L04P
2030,POP002L09P,AT5X5K
2030,POP002L09P,ATN02K12P
2030,POP002L09P,POV005L04P
2030,POP002L09P,POP005L04P
2030,POP002L09P,MASR025K
2030,POP002L09P,MAHS025K
2030,POP002L09P,POP015K
2030,POP002L09P,ATWWP002K12P
2030,POP002L09P,ATPPCH5X5K
2030,POP002L09P,EEA500G12P
2030,POP002L09P,EEA200G24P
2030,POP001L12P,POV001L24P
2030,POP001L12P,SOS005L04P
2030,POP001L12P,POP500M24P
2030,POP001L12P,ATN01K24P
2030,POP001L12P,SOS008L02P
2030,POP001L12P,POV500M24P
2030,POP001L12P,SE500G24P
2030,POP001L12P,MAR01K24P
2030,POP001L12P,SOS002L09P
2030,POP001L12P,SE200G24P
2030,POP001L12P,ATWWP001K24P
2030,POP001L12P,SOS250M48P
2030,POP001L12P,SOS500M24P
2030,POP001L12P,SOS003L04P
2030,POP001L12P,AT5X5K
2030,POP001L12P,ATN02K12P
2030,POP001L12P,POV005L04P
2030,POP001L12P,POP005L04P
2030,POP001L12P,MASR025K
2030,POP001L12P,MAHS025K
2030,POP001L12P,POP015K
2030,POP001L12P,ATWWP002K12P
2030,POP001L12P,ATPPCH5X5K
2030,POP001L12P,EEA500G12P
2030,POP001L12P,EEA200G24P
2030,POV001L24P,SOS005L04P
2030,POV001L24P,POP500M24P
2030,POV001L24P,ATN01K24P
2030,POV001L24P,SOS008L02P
2030,POV001L24P,POV500M24P
2030,POV001L24P,SE500G24P
2030,POV001L24P,MAR01K24P
2030,POV001L24P,SOS002L09P
2030,POV001L24P,SE200G24P
2030,POV001L24P,ATWWP001K24P
2030,POV001L24P,SOS250M48P
2030,POV001L24P,SOS500M24P
2030,POV001L24P,SOS003L04P
2030,POV001L24P,AT5X5K
2030,POV001L24P,ATN02K12P
2030,POV001L24P,POV005L04P
2030,POV001L24P,POP005L04P
2030,POV001L24P,MASR025K
2030,POV001L24P,MAHS025K
2030,POV001L24P,POP015K
2030,POV001L24P,ATWWP002K12P
2030,POV001L24P,ATPPCH5X5K
2030,POV001L24P,EEA500G12P
2030,POV001L24P,EEA200G24P
2030,SOS005L04P,POP500M24P
2030,SOS005L04P,ATN01K24P
2030,SOS005L04P,SOS008L02P
2030,SOS005L04P,POV500M24P
2030,SOS005L04P,SE500G24P
2030,SOS005L04P,MAR01K24P
2030,SOS005L04P,SOS002L09P
2030,SOS005L04P,SE200G24P
2030,SOS005L04P,ATWWP001K24P
2030,SOS005L04P,SOS250M48P
2030,SOS005L04P,SOS500M24P
2030,SOS005L04P,SOS003L04P
2030,SOS005L04P,AT5X5K
2030,SOS005L04P,ATN02K12P
2030,SOS005L04P,POV005L04P
2030,SOS005L04P,POP005L04P
2030,SOS005L04P,MASR025K
2030,SOS005L04P,MAHS025K
2030,SOS005L04P,POP015K
2030,SOS005L04P,ATWWP002K12P
2030,SOS005L04P,ATPPCH5X5K
2030,SOS005L04P,EEA500G12P
2030,SOS005L04P,EEA200G24P
2030,POP500M24P,ATN01K24P
2030,POP500M24P,SOS008L02P
2030,POP500M24P,POV500M24P
2030,POP500M24P,SE500G24P
2030,POP500M24P,MAR01K24P
2030,POP500M24P,SOS002L09P
2030,POP500M24P,SE200G24P
2030,POP500M24P,ATWWP001K24P
2030,POP500M24P,SOS250M48P
2030,POP500M24P,SOS500M24P
2030,POP500M24P,SOS003L04P
2030,POP500M24P,AT5X5K
2030,POP500M24P,ATN02K12P
2030,POP500M24P,POV005L04P
2030,POP500M24P,POP005L04P
2030,POP500M24P,MASR025K
2030,POP500M24P,MAHS025K
2030,POP500M24P,POP015K
2030,POP500M24P,ATWWP002K12P
2030,POP500M24P,ATPPCH5X5K
2030,POP500M24P,EEA500G12P
2030,POP500M24P,EEA200G24P
2030,ATN01K24P,SOS008L02P
2030,ATN01K24P,POV500M24P
2030,ATN01K24P,SE500G24P
2030,ATN01K24P,MAR01K24P
2030,ATN01K24P,SOS002L09P
2030,ATN01K24P,SE200G24P
2030,ATN01K24P,ATWWP001K24P
2030,ATN01K24P,SOS250M48P
2030,ATN01K24P,SOS500M24P
2030,ATN01K24P,SOS003L04P
2030,ATN01K24P,AT5X5K
2030,ATN01K24P,ATN02K12P
2030,ATN01K24P,POV005L04P
2030,ATN01K24P,POP005L04P
2030,ATN01K24P,MASR025K
2030,ATN01K24P,MAHS025K
2030,ATN01K24P,POP015K
2030,ATN01K24P,ATWWP002K12P
2030,ATN01K24P,ATPPCH5X5K
2030,ATN01K24P,EEA500G12P
2030,ATN01K24P,EEA200G24P
2030,SOS008L02P,POV500M24P
2030,SOS008L02P,SE500G24P
2030,SOS008L02P,MAR01K24P
2030,SOS008L02P,SOS002L09P
2030,SOS008L02P,SE200G24P
2030,SOS008L02P,ATWWP001K24P
2030,SOS008L02P,SOS250M48P
2030,SOS008L02P,SOS500M24P
2030,SOS008L02P,SOS003L04P
2030,SOS008L02P,AT5X5K
2030,SOS008L02P,ATN02K12P
2030,SOS008L02P,POV005L04P
2030,SOS008L02P,POP005L04P
2030,SOS008L02P,MASR025K
2030,SOS008L02P,MAHS025K
2030,SOS008L02P,POP015K
2030,SOS008L02P,ATWWP002K12P
2030,SOS008L02P,ATPPCH5X5K
2030,SOS008L02P,EEA500G12P
2030,SOS008L02P,EEA200G24P
2030,POV500M24P,SE500G24P
2030,POV500M24P,MAR01K24P
2030,POV500M24P,SOS002L09P
2030,POV500M24P,SE200G24P
2030,POV500M24P,ATWWP001K24P
2030,POV500M24P,SOS250M48P
2030,POV500M24P,SOS500M24P
2030,POV500M24P,SOS003L04P
2030,POV500M24P,AT5X5K
2030,POV500M24P,ATN02K12P
2030,POV500M24P,POV005L04P
2030,POV500M24P,POP005L04P
2030,POV500M24P,MASR025K
2030,POV500M24P,MAHS025K
2030,POV500M24P,POP015K
2030,POV500M24P,ATWWP002K12P
2030,POV500M24P,ATPPCH5X5K
2030,POV500M24P,EEA500G12P
2030,POV500M24P,EEA200G24P
2030,SE500G24P,MAR01K24P
2030,SE500G24P,SOS002L09P
2030,SE500G24P,SE200G24P
2030,SE500G24P,ATWWP001K24P
2030,SE500G24P,SOS250M48P
2030,SE500G24P,SOS500M24P
2030,SE500G24P,SOS003L04P
2030,SE500G24P,AT5X5K
2030,SE500G24P,ATN02K12P
2030,SE500G24P,POV005L04P
2030,SE500G24P,POP005L04P
2030,SE500G24P,MASR025K
2030,SE500G24P,MAHS025K
2030,SE500G24P,POP015K
2030,SE500G24P,ATWWP002K12P
2030,SE500G24P,ATPPCH5X5K
2030,SE500G24P,EEA500G12P
2030,SE500G24P,EEA200G24P
2030,MAR01K24P,SOS002L09P
2030,MAR01K24P,SE200G24P
2030,MAR01K24P,ATWWP001K24P
2030,MAR01K24P,SOS250M48P
2030,MAR01K24P,SOS500M24P
2030,MAR01K24P,SOS003L04P
2030,MAR01K24P,AT5X5K
2030,MAR01K24P,ATN02K12P
2030,MAR01K24P,POV005L04P
2030,MAR01K24P,POP005L04P
2030,MAR01K24P,MASR025K
2030,MAR01K24P,MAHS025K
2030,MAR01K24P,POP015K
2030,MAR01K24P,ATWWP002K12P
2030,MAR01K24P,ATPPCH5X5K
2030,MAR01K24P,EEA500G12P
2030,MAR01K24P,EEA200G24P
2030,SOS002L09P,SE200G24P
2030,SOS002L09P,ATWWP001K24P
2030,SOS002L09P,SOS250M48P
2030,SOS002L09P,SOS500M24P
2030,SOS002L09P,SOS003L04P
2030,SOS002L09P,AT5X5K
2030,SOS002L09P,ATN02K12P
2030,SOS002L09P,POV005L04P
2030,SOS002L09P,POP005L04P
2030,SOS002L09P,MASR025K
2030,SOS002L09P,MAHS025K
2030,SOS002L09P,POP015K
2030,SOS002L09P,ATWWP002K12P
2030,SOS002L09P,ATPPCH5X5K
2030,SOS002L09P,EEA500G12P
2030,SOS002L09P,EEA200G24P
2030,SE200G24P,ATWWP001K24P
2030,SE200G24P,SOS250M48P
2030,SE200G24P,SOS500M24P
2030,SE200G24P,SOS003L04P
2030,SE200G24P,AT5X5K
2030,SE200G24P,ATN02K12P
2030,SE200G24P,POV005L04P
2030,SE200G24P,POP005L04P
2030,SE200G24P,MASR025K
2030,SE200G24P,MAHS025K
2030,SE200G24P,POP015K
2030,SE200G24P,ATWWP002K12P
2030,SE200G24P,ATPPCH5X5K
2030,SE200G24P,EEA500G12P
2030,SE200G24P,EEA200G24P
2030,ATWWP001K24P,SOS250M48P
2030,ATWWP001K24P,SOS500M24P
2030,ATWWP001K24P,SOS003L04P
2030,ATWWP001K24P,AT5X5K
2030,ATWWP001K24P,ATN02K12P
2030,ATWWP001K24P,POV005L04P
2030,ATWWP001K24P,POP005L04P
2030,ATWWP001K24P,MASR025K
2030,ATWWP001K24P,MAHS025K
2030,ATWWP001K24P,POP015K
2030,ATWWP001K24P,ATWWP002K12P
2030,ATWWP001K24P,ATPPCH5X5K
2030,ATWWP001K24P,EEA500G12P
2030,ATWWP001K24P,EEA200G24P
2030,SOS250M48P,SOS500M24P
2030,SOS250M48P,SOS003L04P
2030,SOS250M48P,AT5X5K
2030,SOS250M48P,ATN02K12P
2030,SOS250M48P,POV005L04P
2030,SOS250M48P,POP005L04P
2030,SOS250M48P,MASR025K
2030,SOS250M48P,MAHS025K
2030,SOS250M48P,POP015K
2030,SOS250M48P,ATWWP002K12P
2030,SOS250M48P,ATPPCH5X5K
2030,SOS250M48P,EEA500G12P
2030,SOS250M48P,EEA200G24P
2030,SOS500M24P,SOS003L04P
2030,SOS500M24P,AT5X5K
2030,SOS500M24P,ATN02K12P
2030,SOS500M24P,POV005L04P
2030,SOS500M24P,POP005L04P
2030,SOS500M24P,MASR025K
2030,SOS500M24P,MAHS025K
2030,SOS500M24P,POP015K
2030,SOS500M24P,ATWWP002K12P
2030,SOS500M24P,ATPPCH5X5K
2030,SOS500M24P,EEA500G12P
2030,SOS500M24P,EEA200G24P
2030,SOS003L04P,AT5X5K
2030,SOS003L04P,ATN02K12P
2030,SOS003L04P,POV005L04P
2030,SOS003L04P,POP005L04P
2030,SOS003L04P,MASR025K
2030,SOS003L04P,MAHS025K
2030,SOS003L04P,POP015K
2030,SOS003L04P,ATWWP002K12P
2030,SOS003L04P,ATPPCH5X5K
2030,SOS003L04P,EEA500G12P
2030,SOS003L04P,EEA200G24P
2030,AT5X5K,ATN02K12P
2030,AT5X5K,POV005L04P
2030,AT5X5K,POP005L04P
2030,AT5X5K,MASR025K
2030,AT5X5K,MAHS025K
2030,AT5X5K,POP015K
2030,AT5X5K,ATWWP002K12P
2030,AT5X5K,ATPPCH5X5K
2030,AT5X5K,EEA500G12P
2030,AT5X5K,EEA200G24P
2030,ATN02K12P,POV005L04P
2030,ATN02K12P,POP005L04P
2030,ATN02K12P,MASR025K
2030,ATN02K12P,MAHS025K
2030,ATN02K12P,POP015K
2030,ATN02K12P,ATWWP002K12P
2030,ATN02K12P,ATPPCH5X5K
2030,ATN02K12P,EEA500G12P
2030,ATN02K12P,EEA200G24P
2030,POV005L04P,POP005L04P
2030,POV005L04P,MASR025K
2030,POV005L04P,MAHS025K
2030,POV005L04P,POP015K
2030,POV005L04P,ATWWP002K12P
2030,POV005L04P,ATPPCH5X5K
2030,POV005L04P,EEA500G12P
2030,POV005L04P,EEA200G24P
2030,POP005L04P,MASR025K
2030,POP005L04P,MAHS025K
2030,POP005L04P,POP015K
2030,POP005L04P,ATWWP002K12P
2030,POP005L04P,ATPPCH5X5K
2030,POP005L04P,EEA500G12P
2030,POP005L04P,EEA200G24P
2030,MASR025K,MAHS025K
2030,MASR025K,POP015K
2030,MASR025K,ATWWP002K12P
2030,MASR025K,ATPPCH5X5K
2030,MASR025K,EEA500G12P
2030,MASR025K,EEA200G24P
2030,MAHS025K,POP015K
2030,MAHS025K,ATWWP002K12P
2030,MAHS025K,ATPPCH5X5K
2030,MAHS025K,EEA500G12P
2030,MAHS025K,EEA200G24P
2030,POP015K,ATWWP002K12P
2030,POP015K,ATPPCH5X5K
2030,POP015K,EEA500G12P
2030,POP015K,EEA200G24P
2030,ATWWP002K12P,ATPPCH5X5K
2030,ATWWP002K12P,EEA500G12P
2030,ATWWP002K12P,EEA200G24P
2030,ATPPCH5X5K,EEA500G12P
2030,ATPPCH5X5K,EEA200G24P
2030,EEA500G12P,EEA200G24P
2130,AT5X5K,ATN01K24P
2130,AT5X5K,SOS005L04P
2130,AT5X5K,POPF01L12P
2130,AT5X5K,SE500G24P
2130,AT5X5K,POP005L04P
2130,AT5X5K,POP002L09P
2130,AT5X5K,POP001L12P
2130,AT5X5K,ATN02K12P
2130,AT5X5K,SOS003L04P
2130,AT5X5K,SOS001L12P
2130,AT5X5K,SOS500M24P
2130,AT5X5K,MAR01K24P
2130,AT5X5K,SOS002L09P
2130,AT5X5K,POV500M24P
2130,AT5X5K,ATWWP001K24P
2130,AT5X5K,SOP001L12P
2130,AT5X5K,POV002L09P
2130,AT5X5K,POV005L04P
2130,AT5X5K,POV001L24P
2130,AT5X5K,POP500M24P
2130,AT5X5K,SOS008L02P
2130,ATN01K24P,SOS005L04P
2130,ATN01K24P,POPF01L12P
2130,ATN01K24P,SE500G24P
2130,ATN01K24P,POP005L04P
2130,ATN01K24P,POP002L09P
2130,ATN01K24P,POP001L12P
2130,ATN01K24P,ATN02K12P
2130,ATN01K24P,SOS003L04P
2130,ATN01K24P,SOS001L12P
2130,ATN01K24P,SOS500M24P
2130,ATN01K24P,MAR01K24P
2130,ATN01K24P,SOS002L09P
2130,ATN01K24P,POV500M24P
2130,ATN01K24P,ATWWP001K24P
2130,ATN01K24P,SOP001L12P
2130,ATN01K24P,POV002L09P
2130,ATN01K24P,POV005L04P
2130,ATN01K24P,POV001L24P
2130,ATN01K24P,POP500M24P
2130,ATN01K24P,SOS008L02P
2130,SOS005L04P,POPF01L12P
2130,SOS005L04P,SE500G24P
2130,SOS005L04P,POP005L04P
2130,SOS005L04P,POP002L09P
2130,SOS005L04P,POP001L12P
2130,SOS005L04P,ATN02K12P
2130,SOS005L04P,SOS003L04P
2130,SOS005L04P,SOS001L12P
2130,SOS005L04P,SOS500M24P
2130,SOS005L04P,MAR01K24P
2130,SOS005L04P,SOS002L09P
2130,SOS005L04P,POV500M24P
2130,SOS005L04P,ATWWP001K24P
2130,SOS005L04P,SOP001L12P
2130,SOS005L04P,POV002L09P
2130,SOS005L04P,POV005L04P
2130,SOS005L04P,POV001L24P
2130,SOS005L04P,POP500M24P
2130,SOS005L04P,SOS008L02P
2130,POPF01L12P,SE500G24P
2130,POPF01L12P,POP005L04P
2130,POPF01L12P,POP002L09P
2130,POPF01L12P,POP001L12P
2130,POPF01L12P,ATN02K12P
2130,POPF01L12P,SOS003L04P
2130,POPF01L12P,SOS001L12P
2130,POPF01L12P,SOS500M24P
2130,POPF01L12P,MAR01K24P
2130,POPF01L12P,SOS002L09P
2130,POPF01L12P,POV500M24P
2130,POPF01L12P,ATWWP001K24P
2130,POPF01L12P,SOP001L12P
2130,POPF01L12P,POV002L09P
2130,POPF01L12P,POV005L04P
2130,POPF01L12P,POV001L24P
2130,POPF01L12P,POP500M24P
2130,POPF01L12P,SOS008L02P
2130,SE500G24P,POP005L04P
2130,SE500G24P,POP002L09P
2130,SE500G24P,POP001L12P
2130,SE500G24P,ATN02K12P
2130,SE500G24P,SOS003L04P
2130,SE500G24P,SOS001L12P
2130,SE500G24P,SOS500M24P
2130,SE500G24P,MAR01K24P
2130,SE500G24P,SOS002L09P
2130,SE500G24P,POV500M24P
2130,SE500G24P,ATWWP001K24P
2130,SE500G24P,SOP001L12P
2130,SE500G24P,POV002L09P
2130,SE500G24P,POV005L04P
2130,SE500G24P,POV001L24P
2130,SE500G24P,POP500M24P
2130,SE500G24P,SOS008L02P
2130,POP005L04P,POP002L09P
2130,POP005L04P,POP001L12P
2130,POP005L04P,ATN02K12P
2130,POP005L04P,SOS003L04P
2130,POP005L04P,SOS001L12P
2130,POP005L04P,SOS500M24P
2130,POP005L04P,MAR01K24P
2130,POP005L04P,SOS002L09P
2130,POP005L04P,POV500M24P
2130,POP005L04P,ATWWP001K24P
2130,POP005L04P,SOP001L12P
2130,POP005L04P,POV002L09P
2130,POP005L04P,POV005L04P
2130,POP005L04P,POV001L24P
2130,POP005L04P,POP500M24P
2130,POP005L04P,SOS008L02P
2130,POP002L09P,POP001L12P
2130,POP002L09P,ATN02K12P
2130,POP002L09P,SOS003L04P
2130,POP002L09P,SOS001L12P
2130,POP002L09P,SOS500M24P
2130,POP002L09P,MAR01K24P
2130,POP002L09P,SOS002L09P
2130,POP002L09P,POV500M24P
2130,POP002L09P,ATWWP001K24P
2130,POP002L09P,SOP001L12P
2130,POP002L09P,POV002L09P
2130,POP002L09P,POV005L04P
2130,POP002L09P,POV001L24P
2130,POP002L09P,POP500M24P
2130,POP002L09P,SOS008L02P
2130,POP001L12P,ATN02K12P
2130,POP001L12P,SOS003L04P
2130,POP001L12P,SOS001L12P
2130,POP001L12P,SOS500M24P
2130,POP001L12P,MAR01K24P
2130,POP001L12P,SOS002L09P
2130,POP001L12P,POV500M24P
2130,POP001L12P,ATWWP001K24P
2130,POP001L12P,SOP001L12P
2130,POP001L12P,POV002L09P
2130,POP001L12P,POV005L04P
2130,POP001L12P,POV001L24P
2130,POP001L12P,POP500M24P
2130,POP001L12P,SOS008L02P
2130,ATN02K12P,SOS003L04P
2130,ATN02K12P,SOS001L12P
2130,ATN02K12P,SOS500M24P
2130,ATN02K12P,MAR01K24P
2130,ATN02K12P,SOS002L09P
2130,ATN02K12P,POV500M24P
2130,ATN02K12P,ATWWP001K24P
2130,ATN02K12P,SOP001L12P
2130,ATN02K12P,POV002L09P
2130,ATN02K12P,POV005L04P
2130,ATN02K12P,POV001L24P
2130,ATN02K12P,POP500M24P
2130,ATN02K12P,SOS008L02P
2130,SOS003L04P,SOS001L12P
2130,SOS003L04P,SOS500M24P
2130,SOS003L04P,MAR01K24P
2130,SOS003L04P,SOS002L09P
2130,SOS003L04P,POV500M24P
2130,SOS003L04P,ATWWP001K24P
2130,SOS003L04P,SOP001L12P
2130,SOS003L04P,POV002L09P
2130,SOS003L04P,POV005L04P
2130,SOS003L04P,POV001L24P
2130,SOS003L04P,POP500M24P
2130,SOS003L04P,SOS008L02P
2130,SOS001L12P,SOS500M24P
2130,SOS001L12P,MAR01K24P
2130,SOS001L12P,SOS002L09P
2130,SOS001L12P,POV500M24P
2130,SOS001L12P,ATWWP001K24P
2130,SOS001L12P,SOP001L12P
2130,SOS001L12P,POV002L09P
2130,SOS001L12P,POV005L04P
2130,SOS001L12P,POV001L24P
2130,SOS001L12P,POP500M24P
2130,SOS001L12P,SOS008L02P
2130,SOS500M24P,MAR01K24P
2130,SOS500M24P,SOS002L09P
2130,SOS500M24P,POV500M24P
2130,SOS500M24P,ATWWP001K24P
2130,SOS500M24P,SOP001L12P
2130,SOS500M24P,POV002L09P
2130,SOS500M24P,POV005L04P
2130,SOS500M24P,POV001L24P
2130,SOS500M24P,POP500M24P
2130,SOS500M24P,SOS008L02P
2130,MAR01K24P,SOS002L09P
2130,MAR01K24P,POV500M24P
2130,MAR01K24P,ATWWP001K24P
2130,MAR01K24P,SOP001L12P
2130,MAR01K24P,POV002L09P
2130,MAR01K24P,POV005L04P
2130,MAR01K24P,POV001L24P
2130,MAR01K24P,POP500M24P
2130,MAR01K24P,SOS008L02P
2130,SOS002L09P,POV500M24P
2130,SOS002L09P,ATWWP001K24P
2130,SOS002L09P,SOP001L12P
2130,SOS002L09P,POV002L09P
2130,SOS002L09P,POV005L04P
2130,SOS002L09P,POV001L24P
2130,SOS002L09P,POP500M24P
2130,SOS002L09P,SOS008L02P
2130,POV500M24P,ATWWP001K24P
2130,POV500M24P,SOP001L12P
2130,POV500M24P,POV002L09P
2130,POV500M24P,POV005L04P
2130,POV500M24P,POV001L24P
2130,POV500M24P,POP500M24P
2130,POV500M24P,SOS008L02P
2130,ATWWP001K24P,SOP001L12P
2130,ATWWP001K24P,POV002L09P
2130,ATWWP001K24P,POV005L04P
2130,ATWWP001K24P,POV001L24P
2130,ATWWP001K24P,POP500M24P
2130,ATWWP001K24P,SOS008L02P
2130,SOP001L12P,POV002L09P
2130,SOP001L12P,POV005L04P
2130,SOP001L12P,POV001L24P
2130,SOP001L12P,POP500M24P
2130,SOP001L12P,SOS008L02P
2130,POV002L09P,POV005L04P
2130,POV002L09P,POV001L24P
2130,POV002L09P,POP500M24P
2130,POV002L09P,SOS008L02P
2130,POV005L04P,POV001L24P
2130,POV005L04P,POP500M24P
2130,POV005L04P,SOS008L02P
2130,POV001L24P,POP500M24P
2130,POV001L24P,SOS008L02P
2130,POP500M24P,SOS008L02P
2230,ATN01K24P,AT5X5K
2230,ATN01K24P,SE500G24P
2230,ATN01K24P,SOS002L09P
2230,ATN01K24P,POV001L24P
2230,ATN01K24P,ATN02K12P
2230,ATN01K24P,POV002L09P
2230,ATN01K24P,SOS005L04P
2230,ATN01K24P,SOS001L12P
2230,ATN01K24P,SOS500M24P
2230,ATN01K24P,MAR01K24P
2230,ATN01K24P,POV500M24P
2230,ATN01K24P,SOS003L04P
2230,ATN01K24P,POP500M24P
2230,ATN01K24P,MAHS025K
2230,ATN01K24P,SOS008L02P
2230,ATN01K24P,POP002L09P
2230,ATN01K24P,POP001L12P
2230,AT5X5K,SE500G24P
2230,AT5X5K,SOS002L09P
2230,AT5X5K,POV001L24P
2230,AT5X5K,ATN02K12P
2230,AT5X5K,POV002L09P
2230,AT5X5K,SOS005L04P
2230,AT5X5K,SOS001L12P
2230,AT5X5K,SOS500M24P
2230,AT5X5K,MAR01K24P
2230,AT5X5K,POV500M24P
2230,AT5X5K,SOS003L04P
2230,AT5X5K,POP500M24P
2230,AT5X5K,MAHS025K
2230,AT5X5K,SOS008L02P
2230,AT5X5K,POP002L09P
2230,AT5X5K,POP001L12P
2230,SE500G24P,SOS002L09P
2230,SE500G24P,POV001L24P
2230,SE500G24P,ATN02K12P
2230,SE500G24P,POV002L09P
2230,SE500G24P,SOS005L04P
2230,SE500G24P,SOS001L12P
2230,SE500G24P,SOS500M24P
2230,SE500G24P,MAR01K24P
2230,SE500G24P,POV500M24P
2230,SE500G24P,SOS003L04P
2230,SE500G24P,POP500M24P
2230,SE500G24P,MAHS025K
2230,SE500G24P,SOS008L02P
2230,SE500G24P,POP002L09P
2230,SE500G24P,POP001L12P
2230,SOS002L09P,POV001L24P
2230,SOS002L09P,ATN02K12P
2230,SOS002L09P,POV002L09P
2230,SOS002L09P,SOS005L04P
2230,SOS002L09P,SOS001L12P
2230,SOS002L09P,SOS500M24P
2230,SOS002L09P,MAR01K24P
2230,SOS002L09P,POV500M24P
2230,SOS002L09P,SOS003L04P
2230,SOS002L09P,POP500M24P
2230,SOS002L09P,MAHS025K
2230,SOS002L09P,SOS008L02P
2230,SOS002L09P,POP002L09P
2230,SOS002L09P,POP001L12P
2230,POV001L24P,ATN02K12P
2230,POV001L24P,POV002L09P
2230,POV001L24P,SOS005L04P
2230,POV001L24P,SOS001L12P
2230,POV001L24P,SOS500M24P
2230,POV001L24P,MAR01K24P
2230,POV001L24P,POV500M24P
2230,POV001L24P,SOS003L04P
2230,POV001L24P,POP500M24P
2230,POV001L24P,MAHS025K
2230,POV001L24P,SOS008L02P
2230,POV001L24P,POP002L09P
2230,POV001L24P,POP001L12P
2230,ATN02K12P,POV002L09P
2230,ATN02K12P,SOS005L04P
2230,ATN02K12P,SOS001L12P
2230,ATN02K12P,SOS500M24P
2230,ATN02K12P,MAR01K24P
2230,ATN02K12P,POV500M24P
2230,ATN02K12P,SOS003L04P
2230,ATN02K12P,POP500M24P
2230,ATN02K12P,MAHS025K
2230,ATN02K12P,SOS008L02P
2230,ATN02K12P,POP002L09P
2230,ATN02K12P,POP001L12P
2230,POV002L09P,SOS005L04P
2230,POV002L09P,SOS001L12P
2230,POV002L09P,SOS500M24P
2230,POV002L09P,MAR01K24P
2230,POV002L09P,POV500M24P
2230,POV002L09P,SOS003L04P
2230,POV002L09P,POP500M24P
2230,POV002L09P,MAHS025K
2230,POV002L09P,SOS008L02P
2230,POV002L09P,POP002L09P
2230,POV002L09P,POP001L12P
2230,SOS005L04P,SOS001L12P
2230,SOS005L04P,SOS500M24P
2230,SOS005L04P,MAR01K24P
2230,SOS005L04P,POV500M24P
2230,SOS005L04P,SOS003L04P
2230,SOS005L04P,POP500M24P
2230,SOS005L04P,MAHS025K
2230,SOS005L04P,SOS008L02P
2230,SOS005L04P,POP002L09P
2230,SOS005L04P,POP001L12P
2230,SOS001L12P,SOS500M24P
2230,SOS001L12P,MAR01K24P
2230,SOS001L12P,POV500M24P
2230,SOS001L12P,SOS003L04P
2230,SOS001L12P,POP500M24P
2230,SOS001L12P,MAHS025K
2230,SOS001L12P,SOS008L02P
2230,SOS001L12P,POP002L09P
2230,SOS001L12P,POP001L12P
2230,SOS500M24P,MAR01K24P
2230,SOS500M24P,POV500M24P
2230,SOS500M24P,SOS003L04P
2230,SOS500M24P,POP500M24P
2230,SOS500M24P,MAHS025K
2230,SOS500M24P,SOS008L02P
2230,SOS500M24P,POP002L09P
2230,SOS500M24P,POP001L12P
2230,MAR01K24P,POV500M24P
2230,MAR01K24P,SOS003L04P
2230,MAR01K24P,POP500M24P
2230,MAR01K24P,MAHS025K
2230,MAR01K24P,SOS008L02P
2230,MAR01K24P,POP002L09P
2230,MAR01K24P,POP001L12P
2230,POV500M24P,SOS003L04P
2230,POV500M24P,POP500M24P
2230,POV500M24P,MAHS025K
2230,POV500M24P,SOS008L02P
2230,POV500M24P,POP002L09P
2230,POV500M24P,POP001L12P
2230,SOS003L04P,POP500M24P
2230,SOS003L04P,MAHS025K
2230,SOS003L04P,SOS008L02P
2230,SOS003L04P,POP002L09P
2230,SOS003L04P,POP001L12P
2230,POP500M24P,MAHS025K
2230,POP500M24P,SOS008L02P
2230,POP500M24P,POP002L09P
2230,POP500M24P,POP001L12P
2230,MAHS025K,SOS008L02P
2230,MAHS025K,POP002L09P
2230,MAHS025K,POP001L12P
2230,SOS008L02P,POP002L09P
2230,SOS008L02P,POP001L12P
2230,POP002L09P,POP001L12P
