Date,SOS008L02P,SOS005L04P,SOS003L04P,SOS002L09P,SOS001L12P,SOS500M24P,SOS250M48P,SOP001L12P,POV005L04P,POV002L09P,POV001L24P,POV500M24P,POP001L12P,POP015K,SO0005L04P,SO0002L09P,SO0001L12P,SO0500M24P,POP005L04P,POP002L09P,POP001L12P.1,POP500M24P,POPF01L12P,AT5X5K,ATN02K12P,ATN01K24P,MAR02K12P,MAR01K24P,ATWWP002K12P,ATWWP001K24P,MASR025K,MAHS025K,SE500G24P,SE200G24P,ATPPCH5X5K,ATPA1K24P,MAPA1K24P,MAP1K25P,MAC1K25P,EEA500G12P,EEA200G24P
01/01/2023 0:00,455,2241,342,1698,3816,1555,69,23,72,84,634,414,275,0,0,0,0,0,10.00098901,89,253,82,10,707,497.08,470,99,137,0,0,120,0,160,0,0,0,0,0,0,0,0
02/01/2023 0:00,327,8286,1458,9240,12683,5324,66,60,85,345,1045,1111,690,0,0,0,0,0,7,100,276,129,298,2317,823,4269,236,962,0,0,129,0,980,55.22895833,0,0,0,0,0,0,0
03/01/2023 0:00,523.5,11279.75,1207,10290.44505,14731.16603,5393.5,24,42.83206522,270,342,1061,442,483,0,0,0,0,0,35,114,418,281,75,2215.6,1166.25,4086.333,173.583,1007.875,0,1,26,18,854.5,203,0,0,0,0,0,0,0
04/01/2023 0:00,158,9897,1436,10267.88696,13842.66603,5641,0,265,155,193,1071,440,905,0,0,0,0,0,73,109,348,283,110,2439,923,5124.333,103,1387,0,15,24,17,583,66.77104167,0,0,0,0,0,0,0
05/01/2023 0:00,351.5,8843.25,896,7193.276993,9933.416938,4089,0,43.41702899,151,340,1143,904,1098,0,0,0,0,0,5,5,213,51,24,735.8,875,3566.958,176,361.865,0,1,62,15,347.667,35,0,0,0,0,0,0,0
06/01/2023 0:00,55,5193,770,4397,5392,1960,0,130,175,330,580,430,430,0,0,0,0,0,25,50,204,115,78,1147,348,2012,5,265,0,3,0,0,230,0,0,0,0,0,0,0,0
07/01/2023 0:00,434,10303,1099,8929.16401,12888,4485,10,45,169,179,586,480,924,0,0,0,0,0,43,30.99700855,197,96,660,1667,755,2064,247,1405,0,5,60,0,863,12.22895833,0,0,0,0,0,0,0
08/01/2023 0:00,243,6683,627,5750.110024,6249,3125,450,50,110,150,725,548,323,0,0,0,0,0,25,40,243,119,115,1225,897,1508,211,562,30,36,79,0,284,220,0,0,0,0,0,0,0
09/01/2023 0:00,162,9287.25,1543,6022.776027,11547,3557.602808,789,40,178,245,1013,500,742,0,0,0,0,0,0,69,274,90,67,3501.94,1527,7875,162,1617.01,111.166,147,124,47,541,145,0,0,0,0,25,0,0
10/01/2023 0:00,456,8821.25,1228,3301.11099,12117,3644,760,13,125,305,437,344,1155,0,0,0,0,0,30,108,267,125,50,1559,759,5823,88,882.99,15,256.625,172,130,770,100,0,0,0,0,4,0,0
11/01/2023 0:00,181,9323.25,1781,1452.555978,13574,4492.000996,931,0,317,47,1237,686,1147,0,0,0,0,0,21,111,329,272,21,2590,1041,6757,263,1121,85,190,256,7,471,0,0,0,0,0,0,0,0
12/01/2023 0:00,478,7213.25,811,3465.442995,9718.666033,4413.000996,593,126,202,0,645,912,1480,0,0,0,0,0,34,20,424,260,0,1824,1272,4685,145,1186,35,185,94,0,667,20,0,0,0,0,0,0,0
13/01/2023 0:00,260,4348,789,3904,5949,1639,284,71.08396739,90,225,720,476,175,0,0,0,0,0,35,37,238,14,400,538,86,3114,30,142,2,32,55,0,396,60,0,0,0,0,0,0,0
14/01/2023 0:00,629,6484,692,7204.88901,7988,3378.01096,355,30,103,17,390,329,1399,0,0,0,0,0,15,23,296,230,222,1218,850,3596,130,871.01,0,106,84,104,376,119,0,0,0,0,20,0,0
15/01/2023 0:00,347,3963.75,726,4786.332971,6507,2760.375,379,3,118,170,637,245,881,0,0,0,0,0,111.999011,72.00299145,262,125,10,901,830,2749,64,512.999,0,80,185,25,1140,132.7710417,0,0,0,0,0,0,0
16/01/2023 0:00,418,10404.5,1225.75,9461.666969,11571.66603,6092.999004,155,85.91603261,279,634,1802,1015,791,0,0,0,0,0,40,120,298,114,75,2454,1149.25,5748.167,150.25,1256.917,56.083,62.792,15,0,1262.667,94,0,0,0,0,0,0,0
17/01/2023 0:00,808,7288,1077,9604.332971,12099,4664.999004,190,96,133,336,961,821,1065,0,0,0,0,0,32,103,330,370,200,1990,2221.166,5458.875,202,853,50,113,401,150,1754,84,0,0,0,0,0,0,0
18/01/2023 0:00,611.5,6696.75,1249,6933,9191,2821,901,37,273,335,1413,788,665,0,0,0,0,0,10,6,63.00100733,115,600,2063.6,969,3887.042,278,331.542,0,31.042,111,0,804,45,0,0,0,0,0,0,0
19/01/2023 0:00,435,5372.25,864,4531.221981,8171,3468,602,271,285,220,891,466,674,0,0,0,0,0,69,130,188,100,250,1751,494,3563,92,738,15,50,55,45,1446.998,41.20791667,0,0,0,100,0,0,0
20/01/2023 0:00,98,6584,574,5766,8167,3231,255,163.917029,185,603,1652,865,640,0,0,0,0,0,0,33,176,55,0,715,306,1778,31,183,0,44,0,0,877,70,0,0,0,0,0,0,0
21/01/2023 0:00,480,6058.5,655,4157.88901,5834,2523,511,10,94,257,780,610,930,0,0,0,0,0,105,293,1031,165,105,1231,1094.5,3815,87,636,8,86,72,12,1127,170,0,0,0,0,12,0,0
22/01/2023 0:00,1317.5,3308,1341.670018,4075.326993,5544,2106.659964,347,52,60,51,210,218,270,0,0,0,0,0,81,89,354,74,468,770,460,1555,116,498,4,46,21,0,529,64,0,0,0,0,0,0,0
23/01/2023 0:00,326,6221.5,875.25,6641.221981,11854,4867,254,60,107,260,1831,829,839,0,0,0,0,0,131,77,522,134,354,847.4,827,3407.667,182,759.667,17,53,60,30,1058.417,76,0,0,0,0,26,0,0
24/01/2023 0:00,746,6428,706,6276.11099,10093,5025,345.0009964,259,50,343,1091,246,1174,0,0,0,0,0,8,9,212,87,360,965,856,3326,289,655,7,61,250,77,1104,100,0,0,0,0,0,0,0
25/01/2023 0:00,605,5415.5,779,5498.332971,8048,4075,302,244,223,284,1034,591,1150,0,0,0,0,0,15,51,189,30,75,839,907,3299,109,592,6,52,206,10,883,70.79208333,0,0,0,0,0,0,0
26/01/2023 0:00,614,5840,631,4130,7426,3439,367,44,104,233,714,627,240,0,0,0,0,0,170,169,475.75,201,540,334,771,2726,41,980.001,6,78,0,20,341,39,0,0,0,0,0,0,0
27/01/2023 0:00,63,3645,707,3638,5149,2797,175,90,65,81,1001,144,50,0,0,0,0,0,0,14,39.25,100,502,837,575,2047,10,465,0,38,0,0,584.167,32,0,0,0,0,0,0,0
28/01/2023 0:00,862,5391.5,526,4096,6439,2700,167,187,165,279,1323,1313,226,0,0,0,0,0,124,81,84.75,37,205,424,663,2278,140,286,10,41,46,50,1106,38,0,0,0,0,0,0,0
29/01/2023 0:00,375,4790,1268,3357.332971,5239,1640,83,225,118,115,454,288,1165,0,0,0,0,0,28,50,207.25,68,234,1132,270,1177,112,281,33,34,75,8,510.833,10,0,0,0,0,0,0,0
30/01/2023 0:00,280,7789,985,5580.221981,8617,4140,200,59,90,239,824,238,453,0,0,0,0,0,19,27,289,22,720,1406,1596,4516,258,720,7,43,60,0,1158.167,0,0,0,0,0,0,0,0
31/01/2023 0:00,792,11903,1575,8391.443961,13380.16603,4929,416,647,545,800,2528,1485,1516,0,0,0,0,0,22,93,159.9989927,24,100,767,870.916,5276.417,165.916,1140.75,14.73,68.137,90,15,811,49,0,0,0,0,28,0,0
01/02/2023 0:00,1221,3513.5,262,2520.88901,3644,1655,435,0,149,383,492,270,0,0,0,0,0,0,53,61,151,67,35,1593,1070,2606,347,647,21.021,97,80,11,755,0,0,0,0,0,0,0,0
02/02/2023 0:00,386,8917,1009,7401,10486,3725,501.9990036,113,204,306,677,600,330,0,0,0,0,0,29,116,346,170,16,197,152,2467,57,819,0,59,128,0,326,131,0,0,0,0,20,0,0
03/02/2023 0:00,377,8453.25,1107,6328,9985,3439,311,10,288,269,1791,1010,250,0,0,0,0,0,20,225,369,305,205,221,261,1738,8,368,0,0,0,5,169,0,0,0,0,0,0,0,0
04/02/2023 0:00,525,5873,503.5,5245.55,5231.416033,2171.61404,266,29.91603261,55,96,964,675,1773.841941,0,0,0,0,0,70,95,300,222,100,195.4,590.75,1227.13,210.33,568.33,0,45,249,0,711.33,149,0,0,0,0,0,0,0
05/02/2023 0:00,1211.5,9460.5,1044.25,5086.11099,7341.500996,2776.718931,209,167.582971,337,670,1949,1147,1450,0,0,0,0,0,40,276,798,508,390,445,568,1866.625,281,667.583,0,27,120,39,665.083,86,0,0,0,0,72,0,0
06/02/2023 0:00,1390,13319,1212,8742,14597,6723,184,5,201,240,1332,334,1308,0,0,0,0,0,2,30,273,252,370,913,1026,3691,194,569,0,9,190,0,746,208,0,0,0,0,38,0,0
07/02/2023 0:00,1123,13264,1382,9131,14290,4821.001993,80,0,140,677,2014,1753,1400,0,0,0,0,0,190,257.9970085,631,445,10,1370,763,2876,130,929,0,8,265,0,876.167,45,0,0,0,0,25,0,0
08/02/2023 0:00,800,14462.5,1491,8269,13893.33397,4458,0,0,95,522,1729,634,640,0,0,0,0,0,333,214,780,253,709,742,1248,2176.16,242,488.16,0,0,100,70,574,41,0,0,0,0,0,0,0
09/02/2023 0:00,505,13016,1400,8678,12157,4386,0,0,216,647,1734,1530,1481,0,0,0,0,0,112,75,337,244,288,945,412.5,2525,93,600,0,3,69,25,663,301,0,0,0,0,0,0,0
10/02/2023 0:00,30,4939,618,3509,5570,2554,0,0,295,704,1673,730,49,0,0,0,0,0,26,20,150,150,666,843,139,2054,20,209,0,1,0,0,440,0,0,0,0,0,0,0,0
11/02/2023 0:00,87,7690.5,1574.5,4697.887983,6589,2174,0,0,656,673,1389,1458,50,0,0,0,0,0,80,73,170,210,1454,1170,628.167,1861.333,59,649,0,9,101,69,717.907,97,0,0,0,0,10,0,0
12/02/2023 0:00,223,8079,901,6241,7763.666033,3621.61404,5,10,218,471,1998,1027,420,0,0,0,0,0,94,176,507,195,100,1518,736,753,96,518,0,24,36,8,252,39,0,0,0,0,0,0,0
13/02/2023 0:00,216,13862,1857,9566,13800,6132,0,60,597,1005,3398,1968,205,0,0,0,0,0,67,234,1311,557,393,735,851,3220,30,879,50,12,0,0,665,20,0,0,0,0,0,0,0
14/02/2023 0:00,675,12501,1632,8319,14085.501,6117.383967,21,250,310,663,4189,2095,370,0,0,0,0,0,51,317,567,289,166,1401,651,4263,146,1120,6,113,39,19,1135,108,0,0,0,0,0,0,0
15/02/2023 0:00,622,10579.25,1236,5920,10174,4354,485,50,247,473,1902,1035,1225,0,0,0,0,0,20,197,252,245,310,1693,476,7148.167,200,882.417,50,123,87,5,1043,164,0,0,0,0,0,0,0
16/02/2023 0:00,399,11898,1679,7184,15307.66295,5794,883,381,285,603,2702,1223,406,0,0,0,0,0,126,479,427,573,414,1869,734,3431.333,169,264,20,57,188,29,664,70,0,0,0,0,0,0,0
17/02/2023 0:00,166,7759,721,5707.11099,9400.423007,3943,682,30,145,193,617,168,325,0,0,0,0,0,115,264,645,454,380,582,253,1263,0,212,0,39,0,0,368.093,0,0,0,0,0,50,0,0
18/02/2023 0:00,347.5,13447.25,1275.25,6486.666002,12285.58297,4866,1090,6.416032609,315,435,2493,807,251.157967,0,0,0,0,0,121,323,935,276,509,906,422.917,2075.125,41.583,1127.333,40.667,134.958,65,1,797.25,132,0,0,0,0,0,0,0.621041667
19/02/2023 0:00,472,10983,982,8871,11654.66703,4523,470,230,421,664,1998,754,1442,0,0,0,0,0,24,56,218,305,65,379,666,1906.998,111,938.166,15,65,284,27,786.166,209,0,0,0,0,0,0,0
20/02/2023 0:00,752,11950.25,767,7018,9313.5,4338,328,60,187,632,1857,945,885,0,0,0,0,0,92,157,601,110,33,1234,895,6233.484,128,1080,14,100,90,80,1209.17,128,0,0,0,0,0,0,0
21/02/2023 0:00,443,8151,1151,6410,9234,3915,297,5,85,300,2055,847,1236,0,0,0,0,0,33,62,312,40,100,1058,750.3953333,6211.324,10,767,0,113,35,5,2339,32,0,0,0,0,0,0,0
22/02/2023 0:00,497,9220.75,1356,7029.555978,8777.5,4038,357,10,182,302,1932,1055,868,0,0,0,0,0,50,43,348,145,0,892,769,3672.534333,162,819,5,79,200,120,1792,0,0,0,0,0,10,0,0
23/02/2023 0:00,443,8365,1100,8524.340036,11491,4802,599,56,377,545,1630,786,251,0,0,0,0,0,39,106,585,127,0,978,1021.562333,3592.1145,149,556,12,62,5,1,1364,231,0,0,0,0,0,0,0
24/02/2023 0:00,400,8631,956,6229,9359,4039,326,310,394,602,1729,1099,329,0,0,0,0,0,47,145,294,210,220,395,280.959,3186.5,15,322,0,22,4,0,1168,98,0,0,0,0,20,0,0
25/02/2023 0:00,120,11217,936,6779,8855,2863,72,60,137,277,1327,809,167,0,0,0,0,0,23,129,358,567,0,582,970.9583333,2771.130667,191,615.17,0,42,196,25,1227.5,174,0,0,0,0,0,0,0
26/02/2023 0:00,516,6397,472,3440.441002,5163,1430,154,860.082971,175,350,773,511,808,0,0,0,0,0,75,140,454,235,300,1100,495.6666667,2048.899167,114,532,80,34,20,20,1969,216,0,0,0,0,0,0,0
27/02/2023 0:00,158,12359,1405,7947.665942,15369.83297,4502,522,110,170,454,2031,1161,915,0,0,0,0,0,10,75,484,270,130,782,686.7496667,3934.980667,61.166,661,0,50,310,0,2889,210,0,0,0,0,0,0,0
28/02/2023 0:00,768,11507.75,1004,8076.444022,11153,3653,341,121,199,527,1364,761,1820,0,0,0,0,0,115,136,1534,315,780,680,464.5826667,6719.124667,28.833,1169.375,64,72.03,40,0,2173,33,0,0,0,0,0,0,0
01/03/2023 0:00,460,5559,434.5,3409,5768.829982,2080.659964,169,70,329,338,1103,444,301,0,0,0,0,0,52,115.0029915,628,90,0,913,542.323,2909,128,783,20,5,257,0,1348,72,0,0,0,0,0,0,0
02/03/2023 0:00,210,7943.25,954.25,4855.109964,7643,2744,151,110,166,545,1242,1179,1180,0,0,0,0,0,32,112,520,160,61,248.8,251.67,3759.793,69,898,5.83,19.38,10,0,1513.42,180,0,0,0,0,0,0,0
03/03/2023 0:00,260,7211,826,4077,7985,3037,33,220,165,730,1495,955,699,0,0,0,0,0,65,205,620,464,50,423,121,1104,0,390,3,3,0,3,672,190,0,0,0,0,0,0,0
04/03/2023 0:00,710,10083,1013,5702.881039,9334,3046,101.9789855,11,782,1114,2585,1481,317,0,0,0,0,0,75,111.9970085,807,360,671,631,617,2499,122,1209,36,38,130,0,2087,317,0,0,0,0,0,0,0
05/03/2023 0:00,720,10140,850,6768.11099,10103.16603,2788,38,150,501,597,1270,606,2534,0,0,0,0,0,26,232,514,500,111,162,682,1282.5,365,323,7,87,40,0,1084,114,0,0,0,0,0,0,0
06/03/2023 0:00,869,15952.5,1625,7729.998007,11883.32998,5524,38,0,387,510,1496,1080,744,0,0,0,0,0,145,116,477,256,77,1883,355,3360.333,145,917,26,180,174,20,2119,94,0,0,0,0,0,0,0
07/03/2023 0:00,1206,13671,1323,7816,13982.25,4544,10,10,250,428,2308,1704,1830,0,0,0,0,0,57,91,566,171,71,862,535,3491,73,1222,39,78,142,5,1174,133,0,0,0,0,0,0,0
08/03/2023 0:00,162,11462,1549,6764,12293,5027,41,106,319,396,1599,1213,1226,0,0,0,0,0,226,329,984,448,474,244,181,1688,5,556,12,72.97,0,25,701,29,0,0,0,0,10,0,0
09/03/2023 0:00,471,15194,1123,5626,13115,3511,12,10,440,405,1114,451,0,0,0,0,0,0,111,145,662,449,51,350,347,1723,202,519,55,54,77,45,544,147,0,0,0,0,0,0,0
10/03/2023 0:00,115,10220,292,4671,8548,3319,0,0,390,430,1873,1062,150,0,0,0,0,0,20,84,100,125,238,355,380,1984,38,602,0,28,5,61,459,10,0,0,0,0,0,0,0
11/03/2023 0:00,246,12028.5,2697,5377,11470.16603,3706,12,40,219,488,1624,900,1156,0,0,0,0,0,157,100,1417,964,229,568,732.167,1658,334,731,10,45,15,24,568,62.035,0,0,0,0,0,0,0
12/03/2023 0:00,971,11336,1552,5850.439976,9239.082971,3222,0,5,354,512,1553,1018,840,0,0,0,0,0,95,3,401,243,122,438,415,1530.667,131,359,21,61,18,35,216,44,0,0,0,0,0,0,0
13/03/2023 0:00,827,18111.75,2871,4081.892995,16336.24592,5305,0,28,523,245,2191,1002,90,0,0,0,0,0,165,105,494,346,307,622.8,426,2035.167,149,1080.417,54,62,80,2,623.583,25.965,0,0,0,0,0,0,0
14/03/2023 0:00,379,18517,3076.5,1573.555012,11984,5149,0,56,1379,812,3573,1901,185,0,0,0,0,0,161,189,882,395,285,597,496,1587,101,980,15,28,73,20,532.5,8,0,0,0,0,25,0,0
15/03/2023 0:00,482.5,13646,2584,734,13404.84004,4488,0,25.58297101,627,773,4748,1607,1671,0,0,0,0,0,46,66,414,155,188,477,331.677,2015,155,889.958,0,33,98,0,816,130,0,0,0,0,0,0,0
16/03/2023 0:00,573,18147,3112,1575,14697.66703,5864,0,652,855,290,4700,2790,1238,0,0,0,0,0,167,140,994,542,410,125,218.5,1740,150,553,19,11,106,0,354,15,0,0,0,0,0,0,0
17/03/2023 0:00,229.5,9895.75,1724.25,5359.221981,11558.99891,2589,0,20,828,917,3023,1522,899,0,0,0,0,0,210,118,747,375,60,128.4,205.75,1058.749,2,582.292,1.083,44,0,0,270.667,50,0,0,0,0,0,0,0
18/03/2023 0:00,94,9540.75,1770,4703.220954,9461.090036,2736,0,65.00099638,335,1001,2139,1382,473,0,0,0,0,0,214,261,961,400,565,1024,342.25,1231,138,561.292,0,42,54,200,343.166,85,0,0,0,0,0,0,0
19/03/2023 0:00,651,7632.75,1060,3908.889976,4590,1383,0,100,400,605,2050,963,740,0,0,0,0,0,61,197,464,133,32,80,158,782.167,186,953.417,7,23,45,246,638,5,0,0,0,0,0,0,0
20/03/2023 0:00,144,14513.25,2891,12687.33001,14743.67002,4287,30,323,536,1092,2831,1563,765,0,0.5,0.137983092,0.130978261,0.12201087,155,311,549,328,116,199,424,1515,50,359,12,46,58,0,465.333,35,0,0,0,0,0,0,0
21/03/2023 0:00,699,13566,2208,12095,14626.83605,4903,663,130,789,1638,3661,1557,2622,0,0,0,0,0,233,271,1141,620,814,35,373,1829,70,1136,36,84,0,0,604,66,0,0,0,0,0,0,0
22/03/2023 0:00,569.5,15609.25,2242,13787.77699,11893.57998,2820.167029,638,264,933,1830,3397,1503,2741,0,0,0,0,0,233,611,1089,601,473,105,145,1696.584,77,746.542,27.249,56.696,185,0,301.666,34,0,0,0,0,0,0,0
23/03/2023 0:00,715,13002,1708,10779.44197,12582,5025,1100.021014,70,315,855,1555,659,1065,0,0,0,0,0,145,167.0029915,686,276,86,553,201,893.665,47,376,0,38,40,0,247,41,0,0,0,0,0,0,0
24/03/2023 0:00,135,9194,1895,7053.444988,9233.582971,3578,456,0,190,716,2536,1241,1594,0,0,0,0,0,35,92,472,230,100,28,59,1444.5,0,802,0,43,0,0,395,30,0,0,0,0,0,0,0
25/03/2023 0:00,329,9507.5,1833,7276.443961,8198,3159,709,222,1073,1527,2897,1697,3185,0,0,0,0,0,159,175,472,267,124,716,339,1581.75,57,1169.083,13,6,44,50,481,115,0,0,0,0,0,0,0
26/03/2023 0:00,474,7555,1117,5047,7775,2754,367,78,1588,1488,3514,1496,2268,0,0,0,0,0,195,255,861,190,1260,43,25,1264,15,317,15,0,150,0,497,174,0,0,0,0,0,0,0
27/03/2023 0:00,187,5041,704,3243,7309.832971,3150,477,50,302,486,1527,1201,3709,0,0,0,0,0,59,110,716,593,55,150,306,1143,150,376,2,10.875,10,200,433,165,0,0,0,0,70,0,0
28/03/2023 0:00,295,10454,1696,8461.116002,9986.245018,4970,187,4,271,1110,1776,1336,725,0,0,0,0,0,117,233,664,228,65,70,228,1702,39,1153,18,9.1,51,0,592,25,0,0,0,0,0,0,0
29/03/2023 0:00,591,12824.5,1963,11601.72301,16392.499,4501,257,564,1489,1095,4011,1899,1261,0,0,0,0,0,188,315,992,325,191,97,172,1363.666,101,172.333,9,1,0,0,224,20,0,0,0,0,0,0,0
30/03/2023 0:00,612,9256.25,1290,5838.289976,8442.670018,2697.042029,303,43,934,1525,2836,1271,260,0,0,0,0,0,183,493,918,756,118,110,157.3,1346.712,87.333,1118.792,0,2.833,35,30,517.333,9,0,0,0,0,0,0,0
31/03/2023 0:00,251.5,6495.5,834.25,5246.441969,8096.082065,3397,240,183.582971,629,1865,1955,958,1290,0,0,0,0,0,186,362,838,320,466,196,20.41333333,1625.67,63.33,796.5,0.25,1.29,26,15,444.33,110,0,0,0,0,0,0,0
01/04/2023 0:00,10,1858,100,831.4429952,2863.340036,515,16,0,123,148,252,345,130,0,0,0,0,0,40,10,123,85,303,3,36,363.333,39,412.333,11.91666667,2,0,0,216,30,0,0,0,15,0,0,0
02/04/2023 0:00,356,2442,594.75,1833.555012,3618.249004,1208,110,5,177,85,678,435,400,0,0,0,0,0,95,181,388,198,55,498,66,1556.458,53,595,0,10.08333333,30,0,725,83,0,0,0,0,0,0,0
03/04/2023 0:00,366,10108,1311,7055.662983,11102.16413,3136.5,298,0,852,589,3174,1741,835,0,0,0,0,0,30,285,806,185,700,92,115,2997.666,9,1249.666,0,0.916,105,10,950.666,257,0,0,0,0,0,0,0
04/04/2023 0:00,475.5,8928.75,1379.5,8469.887983,11943.41603,4670,288,0.167028986,707,621,2330,1299,420,0,0,0,0,0,121,321,1036,577,481,1135.2,314,1681.626,90,555.25,0,0,0,5,737.333,34,0,0,0,0,0,0,0
05/04/2023 0:00,316,6855.5,1355.5,4515.11099,10381.83197,2644,165,33,413,245,2796,1173,215,0,0,0,0,0,106,88,891,354,303,1286,339.167,2447,55,1044,0,0,60,0,307,19.99291667,0,0,0,0,0,0,0
06/04/2023 0:00,875,7618.25,1752.8,5514.887017,11034.99909,3246,572,5,830,1455,2020,849,225,0,0,0,0,0,187,148,1230,717,70,266,192.583,1972.208,167.833,389,0,0,186,0,1142.416,60,0,0,0,0,0,0,0
07/04/2023 0:00,707,7815,1499,4903.778019,9409,3129,412,95,846,1283,2752,1186,400,0,0,0,0,0,72,179,619,440,45,58,85,896,10,259,0,0,0,150,698.833,10,0,0,0,0,0,0,0
08/04/2023 0:00,203,3716,1347.75,3346.774034,4324.749004,1523,27,720,373,898,1422,1075,728,0,0,0,0,0,105,240,596,465,312,1203.76,341,1191.791,26,1390,0,0,20,30,1004,0,0,0,0,0,0,0,0
09/04/2023 0:00,397,6300,838,4891.774879,7282.581069,3150,150,51,244,598,1349,629,370,0,0,0,0,0,178,74,585,294,30,140,158,1614.167,120,921,0,0,150,100,468.667,110,0,0,0,0,0,0,0
10/04/2023 0:00,817,10373,1775,6462.555012,12500.33297,4775,192,330.6660326,646,647,3138,1290,235,0,0,0,0,0,201,427,1150,622,70,1475,875.083,3760.292,154.5,1126.5,0,0,126,25,1228.083,86,0,0,0,0,0,0,0
11/04/2023 0:00,289,8937,1794,5350,13803.66703,3924,516,265,683,1718,3403,1688,369,0,0,0,0,0,60,271,758,317,90,721,468,2232.833,165,796.499,0,0,9,2,765.5,26,0,0,0,0,0,0,0
12/04/2023 0:00,197,6926.75,1322.5,4271.232005,7604.170018,3401,113,135,410,547,1453,1374,1000,0,0,0,0,0,96,201,608,329,77,1394,504,4619.875,116,1430.25,0,0,0,0,1449.5,61,0,0,0,0,0,0,0
13/04/2023 0:00,525,8333,1273,3208.989976,11786.33406,3286,240,25,302,906,2427,1136,130,0,0,0,0,0,109,195,391,355,61,816,179,2056,48,1371,0,0,107,21,675,59,0,0,0,0,0,0,0
14/04/2023 0:00,363,8826,1845.5,3130,8968,3341.833967,107,13,519,1225,2740,1231,146,0,0,0,0,0,84,260,139,434,115,1566,360,4361,50,1173,0,0,196,0,933,94,0,0,0,0,0,0,0
15/04/2023 0:00,351.5,6539.75,678,2565.332971,7089.665942,1712,26,5,367,311,1345,515,90,0,0,0,0,0,40,172,636,583,100,484,273,1375.542,57,859.785,0,0,120,10,341,25,0,0,0,0,0,0,0
16/04/2023 0:00,881,6025.25,1496.5,3125.996981,7180.91404,2145.666033,120,10,465,987,1668,685,265,0,0,0,0,0,257,419,407,455,16,1010,370,1759,174,165,0,0,346,0,496.167,30,0,0,0,0,0,0,0
17/04/2023 0:00,749,8643,2206.666033,5371,14228.24692,4754.665036,98,179,552,347,3271,1858,10,0,0,0,0,0,87,162,798,426,10,2380.8,613,3378,134,1120,0,0,0,0,1369,46,0,0,0,0,0,0,0
18/04/2023 0:00,278,7811.25,1432.75,4296,10776,3561.5,160,10,638,535,3140,1213,1155,0,0,0,0,0,90,113,913,355,79,1690,614.833,4630.833,113,1408.125,0,0,82,0,855,164,0,0,0,0,0,0,0
19/04/2023 0:00,648,6692.25,1178.25,3955.001027,8215.497011,3590,350,70,530,1025,1994,795,423,0,0,0,0,0,29,67,1126,420,385,2145,1073,3914.243,74,1244,0,0,182,0,586.16,16,0,0,0,0,0,0,0
20/04/2023 0:00,45,1803,409,5961,2681,1043,0,0,165,514,782,320,40,0,0,0,0,0,26,31,773,232,0,1371,501,3820,70,660,0,0,310,0,656,20,0,0,0,0,0,0,0
21/04/2023 0:00,12,50,40,1004,300,104,0,0,4,198,52,0,0,0,0,0,0,0,0,0,92,62,0,98,15,344,0,19,0,0,0,0,192,40,0,0,0,0,0,0,0
22/04/2023 0:00,0,0,0,0,0,0,0,0,0,0,0,0,0,0,0,0,0,0,0,0,0,0,0,0,0,0,0,0,0,0,0,0,0,0,0,0,0,0,0,0,0
23/04/2023 0:00,0,0,0,0,0,0,0,0,0,0,0,0,0,0,0,0,0,0,0,0,0,0,0,0,0,0,0,0,0,0,0,0,0,0,0,0,0,0,0,0,0
24/04/2023 0:00,0,0,0,0,0,0,0,0,0,0,0,0,0,0,0,0,0,0,0,0,0,0,0,0,0,0,0,0,0,0,0,0,0,0,0,0,0,0,0,0,0
25/04/2023 0:00,0,831,397,4644.998973,1284,606,50,20,55,270,410,359,100,0,0,0,0,0,69,25,146,101,51,1078.2,91.833,913.167,0,55,0,0,10,0,235,33,0,0,0,0,0,0,0
26/04/2023 0:00,364,2280,378,3703,2562,1396,65,5,300,339,1219,474,315,0,0,0,0,0,82,233,254,40,0,1007.8,452.167,1878.001,0,597,0,0,20,0,264.5,20,0,0,0,0,0,0,0
27/04/2023 0:00,72,3506,906,4532.775966,4387,1803,67,10,245,902,2062,746,334,0,0,0,0,0,28,177,506,261,203,1009,733,4196,69,698,0,0,305,0,400,11,0,0,0,0,0,0,0
28/04/2023 0:00,68,3165,665,2633,3611,1828,60,85,120,250,1083,736,2430,0,0,0,0,0,0,53,132,30,495,2285,1466,4547,20,484,0,0,5,0,538,5,0,0,0,0,0,0,0
29/04/2023 0:00,20,5012.75,534,3941.667029,6300,1854,195,19,148,482.0009768,1494,1078,765,0,0,0,0,0,35,117,308,110,100,1173,836,3793.499,159.167,1131.708,0,0,43,0,1076.917,15,0,0,0,0,0,0,0
30/04/2023 0:00,638,3738,835,3455.88901,6117.082971,2025,197,60,100,468,279,561,10,0,0,0,0,0,26,37,120,61,160,1264.2,976.5,3070,226,1117,0,0,197,200,718,60,0,0,0,0,0,0,0
01/05/2023 0:00,500,3883,408.5,2274,4352,1586,88,55,115,536.9990232,423,655,240,0,0,0,0,0,70,230,134,180,5,935,647,3563.083,1,441.083,0,0,110,5,295.333,47,0,0,0,0,0,0,0
02/05/2023 0:00,402,5429,954,3437.439976,3165,791.332971,360,6,342,1179,107,498,720,0,0,0,0,0,34,579,629,484,9.916025641,156,793,2466,75,387,0,0,140,0,297,53,0,0,0,0,0,0,0
03/05/2023 0:00,626,3438,316,1008.887983,1348,636,77,100,72,186,102,89,83,0,0,0,0,0,26,331,282,371,0,2830,1600,7751.334,132,1108.417,0,0,53,0,1111,44.00708333,0,0,0,0,0,0,0
04/05/2023 0:00,176,2024,229,313.7769928,629.332971,907,351,0,70,0,0,171,95,0,0,0,0,0,0,102,133,128,0,1945,1546.25,4232.04,235,951.873,0,0,26,0,1179.917,14,0,0,0,0,30,0,0
05/05/2023 0:00,422,4140,536,213,1026,596,17,43,8,24,0,15,1420,0,0,0,0,0,0,10,0,0,2,1531,311,3554,0,338,0,0,0,0,658,30,0,0,0,0,0,0,0
06/05/2023 0:00,492,8263.75,1841,3125,7340.5,4617,208,66,195,45,256,127,4368,0,0,0,0,0,5,123.9970085,521,122,95,1037,711,3097,50,791.167,20,0,141,0,962.166,153,0,0,0,0,0,0,0
07/05/2023 0:00,113.5,9008.5,1009,5624.439976,13114.5,4546,131,0,61,115,1390,835,1961.832967,0,0,0,0,0,5,80,203,89,0,821,1519.083,3944.999,180,602,3,4,159,2,1046.834,100,0,0,0,0,0,0,0
08/05/2023 0:00,580,10294,2118.5,7534.673007,9758.667029,3932.667029,296,220,508,1314,3741,1389,2013,0,0,0,0,0,63,51,292,77,0,1927,1003,5658,116,896,41,30,263,10,675,65,0,0,0,0,0,0,0
09/05/2023 0:00,464.5,7301.5,1382,7026.11099,9403,3264.208062,324,0,544,1387,3063,1640,1193,0,0,0,0,0,50,165,525,358,30,2125,1821.917,5534.917,110,760.917,5,45.25,13,100,716.25,35,0,0,0,0,0,0,0
10/05/2023 0:00,399,8606,1594,8835.11099,10957.16603,3598.666033,150,0,715,1218,2717,1142,1365,0,0,0,0,0,124,295,664,425,109,963,1615,4294,318.995,805,86.33333333,62,5,0,757.916,103,0,0,0,0,0,0,0
11/05/2023 0:00,779,7271,1395,6282,10963.57998,3766,77,0,514,874,1835,709,300,0,0,0,0,0,130,579,721,527,120,3953,1205,5767.833,163,905,13,59.41733333,190,80,1670,81,0,0,0,0,0,0,0
12/05/2023 0:00,448,5795,869,5254,6366,2341,0,0,860,1586,2989,1222,685,0,0,0,0,0,30,49,124,327,0,827,425,4570,0,522,0,58,17,5,279,0,0,0,0,0,0,0,0
13/05/2023 0:00,355,5249,796,4828,7789.332971,1997,313,10,234,659,1763,697,938,0,0,0,0,0,136,376,696,477,80,439.24,369,3595,133,806,10,87,80,5,944,63,0,0,0,0,18,0,0
14/05/2023 0:00,89,4825.5,669,3672,4551,1394,150,210,222,417,1164,750,994,0,0,0,0,0,139,295,601,443,70,818,939.167,3718.167,221,293,0,76,152,100,547,21.99291667,0,0,0,0,0,0,0
15/05/2023 0:00,802,6997,1447,5088.778019,6989.083967,2837.458967,38.95797101,130,620,1083,2352,1718,1167,0,0,0,0,0,115,210,728,410,403,2258,1037.25,5886,67,711,5,51.16666667,28,0,1090,41,0,0,0,0,0,0,0
16/05/2023 0:00,87,6839,1016,4226,6554,2654,45,25.91702899,512,979,2649,1576,137,0,0,0,0,0,114,364,1070,355,135,875,862,3899,253,496,41,98.04166667,145,0,779.084,0,0,0,0,0,0,0,0
17/05/2023 0:00,64,4925,807,4180,6129,2293,0,10,326,779,1865,1183,340,0,0,0,0,0,115,402,1270,142,43,1505,947,3475.75,160,526,61,109,16,0,473,10,0,0,0,0,0,0,0
18/05/2023 0:00,344.5,4142.75,740.5,2096.778019,3095.25,1459,26,11.75,322,520,1252,443,1039,0,0,0,0,0,115,351,1026,339,100,777.2,679.167,3409.167,161,425.292,1.75,94.375,83,0,385.25,25,0,0,0,0,0,0,0
19/05/2023 0:00,25,3150,637,2743,3819,1361,0,6,194,593,1504,1131,408,0,0,0,0,0,46,158,250,66,294,1032,746,3582,0,810,5,178,0,0,669,60,0,0,0,0,0,0,0
20/05/2023 0:00,325,2457,532,2150,2319,939,302.0009964,0,251,256,618,530,96,0,0,0,0,0,20,203,152,161,0,1209,585,2575,190,598,21,171,239,2,718,55,0,0,0,0,0,0,0
21/05/2023 0:00,218,2236,488.25,2257.550966,3775,1165,20,485.25,158,446,1268,676,718,0,0,0,0,0,119,139,743,445,111,183,500,968.541,41,273.625,21,56.08333333,0,20,367.25,40.00708333,0,0,0,0,0,0,0
22/05/2023 0:00,170,5508,933,4482,6826,2555,426,210,216,644,1658,1004,312,0,0,0,0,0,63,236,865,374,56,505,636,2352,104,388,9,93,10,0,507.916,15,0,0,0,0,0,0,0
23/05/2023 0:00,102,3021.5,558,3744,6137,2578,679.042029,50,259,545,1585,746,65,0,0,0,0,0,59,234,752,447,161,706,1325,2925.167,80,842.167,2,74,93,100,517,20,0,0,0,0,0,0,0
24/05/2023 0:00,523,3172,496,2421,3092,1428,190,21,110,271,1218,633,366,0,0,0,0,0,104,274.0029915,689,406,276,331,870,2107,69,477,7,25,108,0,305,49,0,0,0,0,0,0,0
25/05/2023 0:00,202,3058,530,2773,3341,1584,550.9990036,303,219,571,1059,742,60,0,0,0,0,0,66,260,642,568,20,235,597,2186,147,658,10,32,9,0,527.084,51,0,0,0,0,0,0,0
26/05/2023 0:00,205,1852,324,1578,2919,1329,413,0,40,258,465,532,16,0,0,0,0,0,20,70,288,341,11,770,372,1255,30,191,0,11,10,10,453,80,0,0,0,0,0,0,0
27/05/2023 0:00,65,1244,201,940,1373,637,51,0,139,199,600,377,125,0,0,0,0,0,5,62,399,245,10.08397436,480,597,1277,152,238,29,19.25033333,130,40,203,51,0,0,0,0,0,0,0
28/05/2023 0:00,44,2085,373,1381,1982,987,50,5,125,303,962,621,25,0,0,0,0,0,20,45,252,176,152,230,466,1248,32,206,0,6,10,10,363,10,0,0,0,0,20,0,0
29/05/2023 0:00,543,4589,693,3473,5190.75,3743,148,45,341,753,2187,1790,117.167033,0,0,0,0,0,10,93,554,251,20,929,497.166,2326.25,68,503,0,35,51,3,781,20,0,0,0,0,10,0,0
30/05/2023 0:00,86,2846,475,2388.880012,4642,1652,28,142,145,375,964,636,250,0,0,0,0,0,73,212,636,403,0,330,487,2842,179.166,632,4,9,9,0,654,0,0,0,0,0,0,0,0
31/05/2023 0:00,11,3118,265,2956.2,3748,2164,220,246,23,265,1162,1049,391,0,0,0,0,0,52,175,550,522,15,460,566,2202,98,626,2.5,24.742,17,150,773,35,0,0,0,0,150,0,0
01/06/2023 0:00,222,1758,168,1467,3855,1634,136,5,75,94,299,374,0,0,0,0,0,0,66,112,147,302,0,120,507,427,132,144,0,10,90,0,154,5,0,0,0,0,0,0,0
02/06/2023 0:00,134.5,1614,281,2872.11099,3833.25,1801,48,40,70,556,736,494,0,0,0,0,0,0,2,75,276,304,0,180,10.417,579.667,2.917,223.833,0,3.5,8,10,122.667,33,0,0,0,0,0,0,0
03/06/2023 0:00,158,2576,523.25,1831.11099,2053.167029,712,25,9,76,199,623,311,45,0,0,0,0,0,45,91,350,171,23,16,385.25,322.042,41,509.292,0,2,20,0,85,10,0,0,0,0,0,0,0
04/06/2023 0:00,443,2435,375,1304.769988,1451,802,39,75,40,120,312,195,10,0,0,0,0,0,3,19,175,155,120,180,84,955,76,547,0,2.125,120,0,174,10,0,0,0,0,0,0,0
05/06/2023 0:00,160,7499,984,6781.887983,8744,3044,285,22,367,268,1446,913,98,0,0,0,0,0,67,164,592,550,124,305,233,1914.333,113,623,34.33333333,20.91666667,220,0,445.833,27,0,0,0,0,0,0,0
06/06/2023 0:00,15,6876,807,5355,7736,1727,158,24,181,244,1634,987,310,0,0,0,0,0,30,45,384,172,39,248,748,1793,148,464,46,59.758,10,2,558,41,0,0,0,0,0,0,0
07/06/2023 0:00,746,6627.5,987.5,5288,5699,2767,322,11,90,268,1130,720,110,0,0,0,0,0,31,11,384,143,10,544,980,2331.087,97,446.587,104,34,50,0,581.08,41,0,0,0,0,0,0,0
08/06/2023 0:00,385,4575,320,3334,4569,2246,171,0,166,275,597,638,250,0,0,0,0,0,47,18,216,252,20,1151,1000,2446,194,772,6,92,24,70,774,15,0,0,0,0,0,0,0
09/06/2023 0:00,155,2654,223,1864,1392,810,20,0,60,115,342,185,0,0,0,0,0,0,17,63,200,193,0,770,114,1883,10,427,0,62,10,0,473,0,0,0,0,0,0,0,0
10/06/2023 0:00,150,4803,397,2802,5011.999004,1983,48,86,184,375,608,712,761,0,0,0,0,0,63,380,452,426,46.91602564,383,859.5836667,2540.875,203,847,76.33333333,90.125,64,5,448,77,0,0,0,0,0,0,0
11/06/2023 0:00,597,5422.5,599,2458.666002,3832.166033,1863,227,28,140,620,896,843,53,0,0,0,0,0,16,216,454,340,160.0839744,70,464.7,1584.295,303.7,572.42,21,74.125,180,0,387,0,0,0,0,0,0,0,0
12/06/2023 0:00,268,6277,826,5184,4972,1386.539946,111.957971,257,202,422,1276,638,792,0,0,0,0,0,15,95,413,272,23.91602564,426,785,1907.875,113,811,7,94.625,20,0,732.833,70,0,0,0,0,0,0,0
13/06/2023 0:00,554,8059.5,793,5716,8548.333967,2692,376,10,371,591,1708,1245,498,0,0,0,0,0,218,293,565,339,80,226,288,2972.75,21,850,15.5,115,51,0,320.167,37,0,0,0,0,0,0,0
14/06/2023 0:00,198,10017.5,596,3613.776993,9624.416033,2185,222,1,212,565,1407,664,30,0,0,0,0,0,58,328,532,156,106,245,961,1631,400,448,7,62.25,115,10,726,13,0,0,0,0,0,0,0
15/06/2023 0:00,205.5,7491.75,818,3177,7784.667029,2979,333.042029,201.25,156,218,781,897,790,0,0,0,0,0,112,166,329,377,54,547,423.083,1321.667,85.917,590.667,1.667,54.08366667,132,10,373.333,47,0,0,0,0,0,0,0
16/06/2023 0:00,365,5537,1069,3708,8731.583967,5097,215,51,325,408,1639,1043,164,0,0,0,0,0,31,143,883,595,143,503,1307,3515,42,789,5,60,100,2,588,0,0,0,0,0,0,0,0
17/06/2023 0:00,475.5,4056.25,1203,2358,4854,3731.990036,25,134,221,200,1153,1001,70,0,0,0,0,0,10,147,426,424,35,858,797,3733.25,87,779.38,31,55.63,0,0,490.337,63,0,0,0,0,0,0,0
18/06/2023 0:00,109,4829,1006,2374,5827,2983.470018,189,115,268,144,855,923,550,0,0,0,0,0,94,89,343,148,330,220,421,1940.625,82,597,2,95,35,17,400.833,98,0,0,0,0,0,0,0
19/06/2023 0:00,85,6564,1448,4739.444988,8487,3859,247,115,326,510,2134,1386,1620,0,0,0,0,0,84,152,674,646,320,721.8,868.333,4533.083333,83,1579,10,147,27,59,820,76,0,0,0,0,0,0,0
20/06/2023 0:00,473,8589,1796,2279,7336.416033,3730.875,118,24,535,965,3017,2092,1376,0,0,0,0,0,367,442.9970085,1348,1175,290,766,529.25,5261.75,108,1473,8,65,228,151,1204,20,0,0,0,0,12,0,0
21/06/2023 0:00,166,8422.5,1530,2462,7596.916033,3035,288,70,388,824,3290,1639,330,0,0,0,0,0,170,343,1067,579,245,758,1013.916667,4295.663333,107,874.33,11,64.625,171,20,689,28,0,0,0,0,2,0,0
22/06/2023 0:00,208,8282,1050,3136,10146.08397,4240,114,250,416,777,2970,1703,1070,0,0,0,0,0,163,170,1458,731,115,732,601,3370.133333,151,375,30,75.876,0,59,931,65,0,0,0,0,25,0,0
23/06/2023 0:00,339,8819,1462,1035,8938,3639,154,0,410,322,1980,1635,249.8339744,0,0,0,0,0,128,101,1050,459,10,698,255,3970.38,73,1505.38,9,42,13,10,765,2,0,0,0,0,10,0,0
24/06/2023 0:00,874,7072,1347,2026.555978,6100.583967,2836,85,65,351,216,2739,1912,885,0,0,0,0,0,88,151,809,338,190.0839744,455,596.167,4034.541667,172,1070,51,30,221,0,904,46,0,0,0,0,0,0,0
25/06/2023 0:00,1118,7865,1399,2450.005012,6880.332971,3136.332971,170,208,651,208,2709,1322,564.1660256,0,0,0,0,0,73,399,976,565,610,254,456.6666667,2027.958667,54,1467.167,0,20,206,20,505,90,0,0,0,0,0,0,0
26/06/2023 0:00,579,12312.25,1947,6594.560024,13188.67002,4177,160,185,850,1412.889988,4299,1989,785,0,0,0,0,0,42,91,982,215,270,690,276,5017.916667,117,1693,0,183.502,282,84,1060,53,0,0,0,0,0,0,0
27/06/2023 0:00,477,4408.75,893,2641.889976,3976.332971,1414,116,0,174,749,1480,346,721,0,0,0,0,0,119,97,528,449,244,470,205.25,2248,7,482,0,39,0,1,401.167,41,0,0,0,0,0,0,0
28/06/2023 0:00,0,0,0,0,0,0,0,0,0,0,0,0,0,0,0,0,0,0,0,0,0,0,0,0,0,0,0,0,0,0,0,0,0,0,0,0,0,0,0,0,0
29/06/2023 0:00,0,0,0,0,0,0,0,0,0,0,0,0,0,0,0,0,0,0,0,0,0,0,0,0,0,0,0,0,0,0,0,0,0,0,0,0,0,0,0,0,0
30/06/2023 0:00,0,0,0,0,0,0,0,0,0,0,0,0,0,0,0,0,0,0,0,0,0,0,0,0,0,0,0,0,0,0,0,0,0,0,0,0,0,0,0,0,0
01/07/2023 0:00,0,0,0,0,0,0,0,0,0,0,0,0,0,0,0,0,0,0,0,0,0,0,0,0,0,0,0,0,0,0,0,0,0,0,0,0,0,0,0,0,0
02/07/2023 0:00,302,1220,58,1076.001027,1302,417,120,0,25,134,402,90,0,0,0,0,0,0,20,32,232,286,56,94,111.16,732.4,30.4,182.3,0,12.04,0,50,238.2,16,0,0,0,0,0,0,0
03/07/2023 0:00,585,4260.25,575.1,2174.4,3744,2148.082971,126,22,107,246,824,829,440,0,0,0,0,0,25,58,323,208,149,282,148,2123.875,0,576,0,22.26266667,0,0,345,0,0,0,0,0,0,0,0
04/07/2023 0:00,640,5147,1325,4884,5662,2619,86,50,148,646,1405,1036,420,0,0,0,0,0,99,305,975,735,54,1429,637,3690.125,130,767.75,0,7.251,12,16,369,45,0,0,0,0,0,0,0
05/07/2023 0:00,430,4902,1013,6237.998973,5212,2200,7,50,450,1147.110012,2330,1248,190,0,0,0,0,0,58,473,633,380,14,840.001,295,4712.041667,120,1868,0,4,98,0,847,5,0,0,0,0,0,0,0
06/07/2023 0:00,467.5,6943.5,999.5,6046.332971,6340.25,2296,32.00099638,85.5,155,535,1667,676,630,0,0,0,0,0,177,332,364,368,126,220.999,732.996,3907.874667,344.25,768.542,0,12.5,187,0,879.333,120,0,0,0,0,0,0,0
07/07/2023 0:00,56,3709,506,2820,2642,1164,0,65,140,684,851,597,1394,0,0,0,0,0,0,30,10,0,155,494,333,2633,5,536,0,3,0,0,645,0,0,0,0,0,0,0,0
08/07/2023 0:00,647,5583.5,1044,5373.887017,5437.416033,1880,114.8960145,148,122,411,1177,348,400,0,0,0,0,0,60,73,309,234,104,1071,854,4909.67,84,1474,0,11.4,26,25,1031,172,0,0,0,0,0,0,0
09/07/2023 0:00,135,5302,837,4171,4010,2024.082971,15,146,554,250,2273,1820,0,0,0,0,0,0,56,177,595,507,0,869,411,3544.295,57,1160.08,0,3,131,200,914,0,0,0,0,0,0,0,0
10/07/2023 0:00,206,6929.5,1107,4629.221014,8105.079982,2979.917029,12,39.67001812,420,530,3316,1649,5,0,0,0,0,0,0,20,640,584,0,1415.4,1671.248,7636.71,86,1523.58,0,21.874,40,32,1314.5,124,0,0,0,0,25,0,0
11/07/2023 0:00,196,7303.75,1054,4835.223007,9292.659964,3563,39,4,435,998,3467,2206,170,0,0,0,0,0,23,131,1343,597,231,1067.2,712,4358.500333,93,984.667,0,7,182,24,1032,32,0,0,0,0,0,0,0
12/07/2023 0:00,161,6053,889,3549,6228,2252,0,548,454,611,1621,1347,478,0,0,0,0,0,118,217,1118,412,125,469,448,4621,126,523,0,0,69,0,635,123,0,0,0,0,0,0,0
13/07/2023 0:00,584,5745,1137,1906,6068,2129,25,0,97,200,964,658,1878,0,0,0,0,0,51,109,386,306,0,512,1069.833333,3393.583333,71,646.75,36,3.6,12,5,702,95,0,0,0,0,0,0,0
14/07/2023 0:00,5,3638,906,2835,3378,955,0,7,171,393,836,534,415,0,0,0,0,0,30,85,99,45,0,547,269,1284,4,203,1,64,10,0,532,7,0,0,0,0,22,0,0
15/07/2023 0:00,140,5254,381,3219,4030.5,2171,470,212,242,937,1257,781,945,0,0,0,0,0,80,260,781,272,40,608,1025.416667,2628.916667,155,537,36,140.251,107,10,693,44,0,0,0,0,0,0,0
16/07/2023 0:00,472.5,4511,407,3753.444022,3523.083967,1978,200,178,209,747,1071,457,260,0,0,0,0,0,5,128,210,145,186,462.4,525.25,2817.083667,131.583,409.417,48.583,87.083,193,57,455.083,20,0,0,0,0,0,0,0
17/07/2023 0:00,348,6503,800,2732,6167,3179,437,12,163,592,1949,1157,349,0,0,0,0,0,59,75,426,336,55,458,873,4618.5,149,812,43,134,80,45,364,56,0,0,0,0,0,0,0
18/07/2023 0:00,75,6063,819,3315,5000,2939,937,159,138,394,1180,479,111,0,0,0,0,0,23,113,1149,438,575,600,235,5005.999958,68,790,2,120.832,155,0,1042,43.95,0,0,0,0,0,0,0
19/07/2023 0:00,241,4535,1110,1485,5154,1624,403,0,324,165,1088,659,795,0,0,0,0,0,35,88,845,360,180,337,1336.333333,4898.25,82,1282.75,5,80,35,5,670,66,0,0,0,0,0,0,0
20/07/2023 0:00,584,6489,1565,8683.998973,6656,2524,478,20,396,1023,1964,949,968,0,0,0,0,0,15,295,675,306,0,1223,977.3333333,5155.625,137,764,35,47,135,8,992,48,0,0,0,0,0,0,0
21/07/2023 0:00,345,3506,635,4577,3439,1408,162,10,280,864,1380,780,591,0,0,0,0,0,28,92,237,46,0,523,231,1786,5,225,0,25,0,0,75,6.967083333,0,0,0,0,0,0,0
22/07/2023 0:00,134.5,4150.25,960,8658,3439,1013,83,171.6700181,102,1366,1041,550,2210,0,0,0,0,0,57,484,287,246,601.9160256,466,658,3678.086708,97,847.54,5,66.03,90,107,947.17,110,0,0,0,0,0,0,0
23/07/2023 0:00,118,2615,506,5135,3159.416033,945,106,51,115,840,612,465,1354,0,0,0,0,0,15,327,294,429,225,727,628.3333333,3400.375,154,475,33,76,160,20,598,18,0,0,0,0,0,0,0
24/07/2023 0:00,64,5166.75,1024,6005,6478.829982,3265,591,10,213,1341,3526,1721,470,0,0,0,0,0,37,479,864,447,331.0839744,1164,1275.25,4744.871667,30,529,0,85,240,123,772,38,0,0,0,0,0,0,0
25/07/2023 0:00,276,4485,917,4802,5485,2329,393,70,105,1018,1655,739,1394,0,0,0,0,0,15,348,616,216,218,1906,925.25,6608.458333,187,1018,32,97,131,20,555,52,0,0,0,0,0,0,0
26/07/2023 0:00,760,3183,579,2847.669988,4242,2269,156,40,492,612,1715,940,346,0,0,0,0,0,3,361,999,161,75,1459,1391,6872,143,867,3,83,170,68,876,30,0,0,0,0,48,0,0
27/07/2023 0:00,400,7032,1308,5700,9003,2376,197.1039855,133,343,1115,3267,1647,1006,0,0,0,0,0,60,376,1251,665,280,434,1092.5,6750,144,765,26,54,42,110,711,129,0,0,0,0,5,0,0
28/07/2023 0:00,272,6965,985,5859,10079,3704,129,205,311,971,3048,1442,287,0,0,0,0,0,86,187,880,297,74,1730,592,6910,0,682,3,26.97,45,220,829,12,0,0,0,0,10,0,0
29/07/2023 0:00,287,3709,525,2675,3454,1181,113,110,418,1435,4343,2384,3641,0,0,0,0,0,102,109,416,456,115,604,374,3730,10,473.75,0,15,775,30,294,20,0,0,0,0,20,0,0
30/07/2023 0:00,125,2080,565,2612,3943,1606,83,30,197,412,1319,598,2570,0,0,0,0,0,84,449,859,558,50,896,460.25,2876.125,16,610,8,35,131,0,321,0,0,0,0,440,0,0,0
31/07/2023 0:00,246,8347,1484,7784,10007,3856,42,40,681,1377,3923,2508,317,0,0,0,0,0,92,259,1001,661,134,737,618,4027,63,929,6,23,110,0,453,15,0,0,0,0,0,0,0
01/08/2023 0:00,685,3815,342,2567,5286,1742,257,0,110,318,1036,698,2081,0,0,0,0,0,29,35,315,210,112,301,314.58,1462,62.33,326.92,40,19,17,170,432,6,0,0,0,23,0,0,0
02/08/2023 0:00,383,4635.25,584,3555,5451,2858,346,0,244,535,2708,1262,760,0,0,0,0,0,1.000989011,175,810,455,196,680,1020,3633,97,665,0,33.875,158,50,503,10,0,0,0,0,0,0,0
03/08/2023 0:00,526,3446.75,647.5,3448.443961,5507.332971,1891,136,11.08297101,233,501,1528,517,221,0,0,0,0,0,30,256,731,546,43.91602564,206.2,329.333,1330.875,54,959.583,11.333,44.958,150,76,253.167,0,0,0,0,0,0,0,0
04/08/2023 0:00,25,3979,660,2431,3400,1573,395,227,190,360,679,132,1878,0,0,0,0,0,5,120,398,165,150,290,285,607,0,102,2,7,30,50,304,0,0,0,0,0,0,0,0
05/08/2023 0:00,606,4069,651,2728,4179,1477,393.9990036,15,150,287,866,446,276,0,0,0,0,0,5,240,915,365,263.0839744,191,1118,1585,225,426,34,21,85,91,594,131,0,0,0,0,0,0,0
06/08/2023 0:00,68,3419.5,351,1909,2722,1179,284.8960145,0,265,357,977,688,201,0,0,0,0,0,5,75,169,175,110,212,419.167,1570,121,218,2,41.125,151,0,238.583,5,0,0,0,0,0,0,0
07/08/2023 0:00,137,6374.75,957,4225,5883,2506,243,10,352,658,2195,1510,250,0,0,0,0,0,28,168,853,291,161,434,590,3442.167,190,843.42,2,74,212,40,970,50,0,0,0,0,0,0,0
08/08/2023 0:00,130,1559,155,914,1010,500,131,10,140,206,436,231,565,0,0,0,0,0,0,53,152,60,0,220,368,518,76,141,0,36,488,0,212,0,0,0,0,0,0,0,0
09/08/2023 0:00,0,0,0,0,0,0,0,0,0,0,0,0,0,0,0,0,0,0,0,0,0,0,0,0,0,0,0,0,0,0,0,0,0,0,0,0,0,0,0,0,0
